Handle,Title,Body (HTML),Vendor,Product Category,Type,Tags,Published,Option1 Name,Option1 Value,Option2 Name,Option2 Value,Option3 Name,Option3 Value,Variant SKU,Variant Grams,Variant Inventory Tracker,Variant Inventory Policy,Variant Fulfillment Service,Variant Price,Variant Compare At Price,Variant Requires Shipping,Variant Taxable,Variant Barcode,Image Src,Image Position,Image Alt Text,Gift Card,SEO Title,SEO Description,Google Shopping / Google Product Category,Google Shopping / Gender,Google Shopping / Age Group,Google Shopping / MPN,Google Shopping / Condition,Google Shopping / Custom Product,Google Shopping / Custom Label 0,Google Shopping / Custom Label 1,Google Shopping / Custom Label 2,Google Shopping / Custom Label 3,Google Shopping / Custom Label 4,Variant Image,Variant Weight Unit,Variant Tax Code,Cost per item,Included / United Arab Emirates,Included / International,Price / International,Compare At Price / International,Status
tesla-air-inlet-filter,Air Inlet Filter,"<p>Clevisco's Cabin Air Filter and Filter Cover for Tesla Model 3/Y, HEPA Air Intake Filter Replacement </p>
<h1 class=""main-page-title page-title h0""></h1>
<div class=""rte""></div>",Cleviscoautomotive,Vehicles & Parts > Vehicle Parts & Accessories > Motor Vehicle Parts,Tesla Accessories,"Tesla Accessories, Tesla Air Filter, Tesla Air Freshener, Tesla Cabin Filter",TRUE,Title,Default Title,,,,,TFC,0,shopify,deny,manual,39,,TRUE,TRUE,'710594325518,https://cdn.shopify.com/s/files/1/0779/1827/3853/files/d54aea_333ef0cd0b1043bfa37b8c435b076255_mv2.jpg?v=1688208020,1,Clevisco Tesla Air Inlet Filter Tesla Air Filter Tesla Cabin Filter HEPA Filter Carbon Composite Layer Air Filter Tesla Model 3 Accessories Tesla Model Y Accessories,FALSE,Clevisco Tesla Air Inlet Filter,"Enhance your Tesla Model 3 and Model Y with our exquisite Cabin Air Filter Replacement. Enjoy luxury and freshness with our premium honeycomb mesh purification system, activated charcoal, and durable design. Experience the ultimate driving environment curated for Tesla connoisseurs.",,,,,,,,,,,,,kg,,,TRUE,TRUE,,,active
tesla-cabin-air-filter,Cabin Air Filter,Clevisco's Dual Hepa+carbon filter for Model 3 &amp; Model Y with air filter replacement kit<quillbot-extension-portal></quillbot-extension-portal>,Cleviscoautomotive,Vehicles & Parts > Vehicle Parts & Accessories > Motor Vehicle Parts,Tesla Accessories,"Air Filter, Cabin Filter, HEPA Filter, Tesla Air Filter, Tesla Cabin Filter",TRUE,Title,Default Title,,,,,TF,0,shopify,deny,manual,49,,TRUE,TRUE,'710594325570,https://cdn.shopify.com/s/files/1/0779/1827/3853/files/d54aea_50d0981d5c5b46f5be3eb12c0a315981_mv2.jpg?v=1688207863,1,Clevisco Tesla Cabin Air Filter Air Filter HEPA Air Filter Tesla Model 3 Accessories Tesla Model Y Accessories,FALSE,Clevisco Tesla Cabin Air Filter HEPA Filter,"Upgrade your Tesla Model 3 and Model Y with our premium Cabin Air Filter. Enjoy enhanced air quality with our innovative mesh purification system. Experience a clean and fresh environment inside your car. Crafted from high-quality materials, our durable and OEM-compatible design ensures hassle-free installation.",,,,,,,,,,,,,kg,,,TRUE,TRUE,,,active
tesla-cabin-air-filter,,,,,,,,,,,,,,,,,,,,,,,,https://cdn.shopify.com/s/files/1/0779/1827/3853/files/d54aea_fb9ffb46913a4ab9aadd85f67b537bbf_mv2.jpg?v=1688207863,2,Clevisco Tesla Cabin Air Filter Air Filter HEPA Air Filter Tesla Model 3 Accessories Tesla Model Y Accessories,,,,,,,,,,,,,,,,,,,,,,,
tesla-car-perfume,Car Perfume,"Clevisco's Tesla Model 3 Model Y Air Fresheners, Car Aromatherapy Modern and Stylish Aromatherapy Accessories for Car Outlet Vent Diffuser with 4 Pcs Scent Stick 2016-2022<quillbot-extension-portal></quillbot-extension-portal>",Cleviscoautomotive,"Vehicles & Parts > Vehicle Parts & Accessories > Vehicle Maintenance, Care & Decor > Vehicle Decor > Vehicle Air Fresheners",Tesla Accessories,"Tesla Air Freshener, Tesla Car Fragrance, Tesla Car Perfume",TRUE,Title,Default Title,,,,,TCF,0,shopify,deny,manual,69,,TRUE,TRUE,'710594325587,https://cdn.shopify.com/s/files/1/0779/1827/3853/files/d54aea_2e804db2ba0e44598cae770533e5cff7_mv2.jpg?v=1688207304,1,"Clevisco Tesla Car Perfume, Tesla Model 3 Accessories Tesla Model Y Accessories Tesla Air Freshener Tesla Air Freshner",FALSE,Clevisco Tesla Car Perfume,"Enhance your Tesla Model 3 and Model Y with our exclusive Air Freshener Accessory. Immerse yourself in enduring fragrance with our alcohol-free aromatherapy. Crafted with care, it eliminates odors and purifies the air. Personalize your aroma, enjoy optimal airflow, and experience swift installation.",,,,,,,,,,,,,kg,,,TRUE,TRUE,,,active
tesla-model-3-y-center-console-drawer,Center Console Drawer,Clevisco's Soft Fabric Console Organizer/Storage Box accessory for TESLA model 3/Y 2022 that Slides and Gives You a Hidden Cubby Storage Box<quillbot-extension-portal></quillbot-extension-portal>,Cleviscoautomotive,Vehicles & Parts > Vehicle Parts & Accessories > Vehicle Storage & Cargo > Vehicle Organizers,Tesla Accessories,"Tesla Drawer, Tesla Organizer, Tesla Storage Organizer, Tesla Tray",TRUE,Title,Default Title,,,,,t3,0,shopify,deny,manual,49,,TRUE,TRUE,X001ERT4ET,https://cdn.shopify.com/s/files/1/0779/1827/3853/files/7b3e7f_f6ac12ed5cc04debbbf115f8fe585f98_mv2.png?v=1688244898,1,Clevisco Tesla center console storage organizer box phone holder card holder coins coin holder drawer,FALSE,Clevisco Tesla Model 3/Y Center Console Drawer,"Experience clarity and organization with the Clevisco Console Organizer. Declutter your car's center console for a clear mind. Our product features four compartments, engineered for perfect fit in Model 3 and Model Y*(2022). Preserve luxury with flocked lining. Achieve order and elegance.",,,,,,,,,,,,,kg,,,TRUE,TRUE,,,active
tesla-model-3-y-center-console-drawer,,,,,,,,,,,,,,,,,,,,,,,,https://cdn.shopify.com/s/files/1/0779/1827/3853/files/7b3e7f_3a995bfdba76464da99b5172448d50af_mv2.jpg?v=1688244898,2,Clevisco Tesla center console storage organizer box phone holder card holder coins coin holder drawer,,,,,,,,,,,,,,,,,,,,,,,
storagearm-rest1,Centre Console Storage,"<p>Tesla Model 3 Model Y Centre Storage Box Handle Pocket Armrest storage Passenger Storage Tray Container</p>
<quillbot-extension-portal></quillbot-extension-portal>",Cleviscoautomotive,Vehicles & Parts > Vehicle Parts & Accessories > Vehicle Storage & Cargo > Vehicle Organizers,Tesla Accessories,"Tesla Accessories, Tesla Center Console, Tesla Center Console Organizer, Tesla Storage, Tesla Storage Organizer",TRUE,Title,Default Title,,,,,M3YCSST,0,shopify,deny,manual,49,,TRUE,TRUE,'710594325495,https://cdn.shopify.com/s/files/1/0779/1827/3853/products/H44e64402394244d283058a62f9c2b27bI.jpg_960x960_5f75f030-7cd9-4314-9ae2-4cf42b410d71.jpg?v=1687653309,1,Clevisco Tesla center console storage organizer box phone holder card holder coins coin holder,FALSE,Clevisco Tesla Model 3 Model Y Centre Console Storage Organizer Tray Container,"Enhance your Tesla Model 3 and Model Y with our luxurious Center Console storage box. Experience luxury and convenience with additional storage space for your essentials. Meticulously crafted for durability, easy installation, and perfect fit. Elevate your driving experience with our premium storage solution",,,,,,,,,,,,,kg,,,TRUE,TRUE,,,active
tesla-storage-box-centre-console-1,Console Storage 1,Clevisco's Tesla Model 3 Model Y Center Console Storage Box Pocket Center Storage Passenger Storage Container Center Storage Tesla Accessory<quillbot-extension-portal></quillbot-extension-portal>,Cleviscoautomotive,Vehicles & Parts > Vehicle Parts & Accessories > Vehicle Storage & Cargo > Vehicle Organizers,Tesla Accessories,"Tesla Accessories, Tesla Center Console, Tesla Center Console Organizer, Tesla Drawer, Tesla Organizer, Tesla Storage, Tesla Storage Organizer, Tesla Tray",TRUE,Title,Default Title,,,,,M3YCCST,0,shopify,deny,manual,39,,TRUE,TRUE,'710594325488,https://cdn.shopify.com/s/files/1/0779/1827/3853/files/d54aea_6011a6307b454486a65dd5a51d78c44b_mv2.jpg?v=1688245533,1,Clevisco Tesla center console storage organizer box phone holder card holder coins coin holder,FALSE,Clevisco Tesla Storage Box Centre Console 1,Elevate your Tesla's interior with our exquisite Storage Box designed for the Center Console. Enjoy luxurious storage and organization for your essentials. Meticulously crafted for durability and convenience. Enhance your driving experience with our stylish solution.,,,,,,,,,,,,,kg,,,TRUE,TRUE,,,active
tesla-console-wrap,Console Wrap,"<p>Clevisco's Center Console Wrap Skin Interior (2) Sets Compatible with MODEL 3 MODEL Y 2021-2022</p>
<quillbot-extension-portal></quillbot-extension-portal>",Cleviscoautomotive,"Vehicles & Parts > Vehicle Parts & Accessories > Vehicle Maintenance, Care & Decor",Tesla Accessories,"Console Skin Tesla, Console Wrap Tesla, Tesla Console Skin, Tesla Console Skin Wrap, Tesla Console Wrap",TRUE,Color,Wooden Brown,,,,,CW-WB,0,shopify,deny,manual,49,,TRUE,TRUE,7.11E+11,https://cdn.shopify.com/s/files/1/0779/1827/3853/products/7b3e7f_4e8d8144b0f44dc793a1179e57958650_mv2.jpg?v=1688131264,1,Tesla Console Wrap Wooden Brown Tesla Model 3 Tesla Model Y Console Skin ,FALSE,Clevisco Tesla Console Wrap Wooden Brown / Modern White,"Elevate your Tesla's interior with our exquisite console wrap. Meticulously designed for Model 3 and Model Y, it seamlessly matches the dash trim. Achieve a flawless color match, precise finish, and luxurious texture. Enhance elegance with our factory-like installation.",,,Adult,7.11E+11,,,,,,,,https://cdn.shopify.com/s/files/1/0779/1827/3853/products/7b3e7f_4e8d8144b0f44dc793a1179e57958650_mv2.jpg?v=1688131264,kg,,49,TRUE,TRUE,49,,active
tesla-console-wrap,,,,,,,,,Modern White,,,,,CW-MW,0,shopify,deny,manual,49,,TRUE,TRUE,7.11E+11,https://cdn.shopify.com/s/files/1/0779/1827/3853/files/7b3e7f_0018930c69674879980f19e7ffd34add_mv2.jpg?v=1688131264,2,Tesla Console Wrap Wooden Brown Tesla Model 3 Tesla Model Y Console Skin ,,,,,,,,,,,,,,,https://cdn.shopify.com/s/files/1/0779/1827/3853/files/7b3e7f_0018930c69674879980f19e7ffd34add_mv2.jpg?v=1688131264,kg,,49,,,,,
tesla-door-handle-storage-box-container,Door Storage,Clevisco's Tesla Model 3 Model Y Door Side Storage Box Handle Pocket Armrest storage Passenger Storage Container<quillbot-extension-portal></quillbot-extension-portal>,Cleviscoautomotive,Vehicles & Parts > Vehicle Parts & Accessories > Vehicle Storage & Cargo > Vehicle Organizers,Tesla Accessories,"Tesla Accessories, Tesla Center Console Organizer, Tesla Door Storage, Tesla Door Storage Organizer, Tesla Organizer, Tesla Storage, Tesla Storage Organizer, Tesla Tray",TRUE,Model,3,,,,,M3YDST,0,shopify,deny,manual,49,,TRUE,TRUE,'710594325501,https://cdn.shopify.com/s/files/1/0779/1827/3853/files/d54aea_697fb35bd3ec4ac78816968caa7d22d3_mv2.jpg?v=1688245717,1,Clevisco Tesla door storage armrest arm rest storage organizer box phone holder card holder coins coin holder,FALSE,Clevisco Tesla Door Handle Storage Box Container,"Elevate your Tesla's storage capabilities with our luxurious Door Armrest Storage Box. Experience convenience and luxury with its meticulous design. Seamlessly fitting into the armrest area, it offers organization for essential items. Enjoy premium build quality and effortless installation.",,,,,,,,,,,,,kg,,,TRUE,TRUE,,,active
tesla-door-handle-storage-box-container,,,,,,,,,Y,,,,,M3YDST-2,0,shopify,deny,manual,49,,TRUE,TRUE,,,,Clevisco Tesla door storage armrest arm rest storage organizer box phone holder card holder coins coin holder,,,,,,,,,,,,,,,,kg,,,,,,,
wireless-earbuds-fit,Earphones Fit,Clevisco's Sound EarBuds FIT Bluetooth Wireless UHD 9D 5.1 Surround with MIC and Charging Case iOS/Android/Windows<quillbot-extension-portal></quillbot-extension-portal>,Cleviscoelectronics,Electronics > Audio > Audio Components > Headphones & Headsets,Electronics,"Earpods, Wireless Earphones, Wireless Earpods, Wireless Headphones, Wireless Headset",TRUE,Title,Default Title,,,,,2L-5PE2-92GH,0,shopify,deny,manual,48,,TRUE,TRUE,'710594324696,https://cdn.shopify.com/s/files/1/0779/1827/3853/files/7b3e7f_287f1fd21df04a1cba48af090d5a9c64_mv2.jpg?v=1688246239,1,,FALSE,Clevisco Earphones Fit,"Elevate your audio experience with Clevisco Fit Earbuds, designed for FIT humans. Enjoy precision, elegance, and superior sound quality. Seamlessly connect to devices, experience 9D audio, immersive Super 5.1 Spatial Audio, and active noise cancellation. Benefit from fast pairing, water resistance, and all-day battery.",,,,,,,,,,,,,kg,,,TRUE,TRUE,,,active
wireless-earbuds-pro,Earphones Pro,Clevisco's Sound Earpods Pro Bluetooth Wireless UHD 9D 5.1 Surround Audio Mic and Charging Case Works with iOS/Android/WINDOWSs,Cleviscoelectronics,Electronics > Audio > Audio Components > Headphones & Headsets,Electronics,"Earpods, Wireless Earphones, Wireless Earpods, Wireless Headphones, Wireless Headset",TRUE,Title,Default Title,,,,,76-5FMX-44B0,0,shopify,deny,manual,48,,TRUE,TRUE,'710594324702,https://cdn.shopify.com/s/files/1/0779/1827/3853/files/7b3e7f_0f2009e4243446a0b2980b0d39068bfd_mv2_77d62eec-a7b8-4b1d-a840-63c54bdd2bfb.jpg?v=1688246477,1,,FALSE,Clevisco Earphones Pro,"Experience the ultimate earbuds designed for Pro Humans with RAPEX Earbuds. Enjoy exceptional sound quality, super bass, and advanced features like active noise cancellation and 9D audio clarity. Simply take them out of the case for instant device connection. Low energy consumption and IPX8 Water Resistance.",,,,,,,,,,,,,kg,,,TRUE,TRUE,,,active
wireless-ergonomic-vertical-mouse,Ergo Mouse,"Clevisco's Wireless Ergonomic vertical mouse, Comfortable and classy, Adjustable DPI Sensitivity, 5-button design, compatible with computers, Laptops, PC, and Macs. Comes with Free Batteries (2Pcs).<quillbot-extension-portal></quillbot-extension-portal>",Cleviscoelectronics,Electronics > Electronics Accessories > Computer Components > Input Devices > Mice & Trackballs,Electronics,"Comfortable Mouse, Ergonomic Accessories, Ergonomic Mouse, Wireless Mouse",TRUE,Title,Default Title,,,,,MOUSE1,0,shopify,deny,manual,49,,TRUE,TRUE,'710594325389,https://cdn.shopify.com/s/files/1/0779/1827/3853/files/7b3e7f_0cc8f45c4734450f8575ddc3b1e27570_mv2.jpg?v=1688246621,1,,FALSE,Clevisco Wireless Ergonomic (Vertical) Mouse ,Experience unparalleled wrist and strain relief with our revolutionary ergonomic mouse. Prevent wrist pain and scarring with its innovative vertical design. Enjoy seamless connectivity and adjustable sensitivity levels for precise and comfortable use. Compatible with leading operating systems. Say goodbye to discomfort,,,,,,,,,,,,,kg,,,TRUE,TRUE,,,active
wireless-ergonomic-vertical-mouse,,,,,,,,,,,,,,,,,,,,,,,,https://cdn.shopify.com/s/files/1/0779/1827/3853/files/7b3e7f_5b5684ddb4f1470987ed9f36bbe62635_mv2.jpg?v=1688246621,2,,,,,,,,,,,,,,,,,,,,,,,,
wireless-ergonomic-vertical-mouse,,,,,,,,,,,,,,,,,,,,,,,,https://cdn.shopify.com/s/files/1/0779/1827/3853/files/7b3e7f_b18be40c15894536879fea5f1887fa99_mv2.jpg?v=1688246621,3,,,,,,,,,,,,,,,,,,,,,,,,
wireless-ergonomic-vertical-mouse,,,,,,,,,,,,,,,,,,,,,,,,https://cdn.shopify.com/s/files/1/0779/1827/3853/files/7b3e7f_10e67ef38e1c456097d73a89e1ebb4ff_mv2.jpg?v=1688246621,4,,,,,,,,,,,,,,,,,,,,,,,,
wireless-ergonomic-vertical-mouse,,,,,,,,,,,,,,,,,,,,,,,,https://cdn.shopify.com/s/files/1/0779/1827/3853/files/7b3e7f_f297bd608da1465992a4bee4d1bc3d61_mv2.jpg?v=1688246621,5,,,,,,,,,,,,,,,,,,,,,,,,
wireless-ergonomic-vertical-mouse,,,,,,,,,,,,,,,,,,,,,,,,https://cdn.shopify.com/s/files/1/0779/1827/3853/files/7b3e7f_cdc13d836a934ad5b36d9c2fb62e4b8d_mv2.jpg?v=1688246621,6,,,,,,,,,,,,,,,,,,,,,,,,
ev-charging-dock,EV Charger,Clevisco's Electric Type 2 Charger for Electric vehicles<quillbot-extension-portal></quillbot-extension-portal>,Cleviscoautomotive,Vehicles & Parts > Vehicle Parts & Accessories,Tesla Accessories,"EV Charger, EV Charging Adapter, EV Charging Dock, EV Type 2 Charger, Tesla Supercharger, Type 2 Charger",TRUE,Power,7 Kw,,,,,EV7,0,shopify,deny,manual,2499,,TRUE,TRUE,,https://cdn.shopify.com/s/files/1/0779/1827/3853/files/7b3e7f_4764b70d25724f39a6aa0c9d8e261944_mv2.jpg?v=1688247120,1,,FALSE,"Clevisco EV Charging Charger Dock Adapter 7Kw, 11Kw, 22Kw","Clevisco's Electric Type 2 Charger for Electric vehicles. EV Charging Station Dock for EV (Tesla, Lucid, Volkswagen and more.). Tesla Supercharger",,,,,,,,,,,,,kg,,,TRUE,TRUE,,,active
ev-charging-dock,,,,,,,,,11 Kw,,,,,EV11,0,shopify,deny,manual,2799,,TRUE,TRUE,,,,,,,,,,,,,,,,,,,,kg,,,,,,,
ev-charging-dock,,,,,,,,,22 Kw,,,,,EV22,0,shopify,deny,manual,3099,,TRUE,TRUE,,,,,,,,,,,,,,,,,,,,kg,,,,,,,
feather-gaming-mouse,Feather Mouse,"Clevisco's Lightweight Wired RGB Gaming Mouse with 7 Programmable Buttons, Up to 5500 DPI, Ergonomic Form Factor<quillbot-extension-portal></quillbot-extension-portal>",Cleviscoelectronics,Electronics > Electronics Accessories > Computer Components > Input Devices > Mice & Trackballs,Electronic Accessory,"Gaming Mouse, High DPI Mouse, LED Gaming Mouse, LED Mouse, Light Mouse, RGB Mouse",TRUE,Title,Default Title,,,,,MF,0,shopify,deny,manual,59,,TRUE,TRUE,'710594325624,https://cdn.shopify.com/s/files/1/0779/1827/3853/files/d54aea_787344ba185f450ebcaa2d8db0705a46_mv2.jpg?v=1688301199,1,,FALSE,Clevisco Feather Gaming Mouse LED RGB Lightweight,"Elevate your gaming experience with our exceptional gaming mouse. Designed for ergonomics and comfort, it offers personalization with captivating lighting effects. Enjoy hassle-free setup and precise movements with the high-quality laser sensor. Enhance your gaming performance with our professional-grade mouse.",,,,,,,,,,,,,kg,,,TRUE,TRUE,,,active
tesla-screen-frame-protector,Frame Protector,"Clevisco's Tesla Model 3 / Y Dashboard Touchscreen, Silicone Frame Protector Cover for the Tesla Screen<quillbot-extension-portal></quillbot-extension-portal>",Cleviscoautomotive,"Vehicles & Parts > Vehicle Parts & Accessories > Vehicle Maintenance, Care & Decor > Vehicle Decor > Vehicle Dashboard Accessories",Tesla Accessories,"Tesla Accessories, Tesla Center Console, Tesla Frame Protector, Tesla Screen Frame Protector, Tesla Screen Frame Rubber, Tesla Screen Frame Silicon, Tesla Screen Glass Protector, Tesla Screen Protector",TRUE,Color,Black,,,,,SSB,0,shopify,deny,manual,19,,TRUE,TRUE,'710594325426,https://cdn.shopify.com/s/files/1/0779/1827/3853/files/d54aea_69b9acd499bd49f08dba1aa219aac46a_mv2.jpg?v=1688301358,1,,FALSE,Clevisco Tesla Screen Frame Protector,"Enhance and protect your Tesla Model 3 and Model Y with our premium Screen Frame Protector. Safeguard against scratches, fingerprints, and dust while adding a luxurious factory-like aesthetic. Effortless installation, exceptional durability, and flawless style. Elevate your Tesla with this exquisite accessory.",,,,,,,,,,,,,kg,,,TRUE,TRUE,,,active
tesla-screen-frame-protector,,,,,,,,,White,,,,,SSW,0,shopify,deny,manual,19,,TRUE,TRUE,'710594325433,,,,,,,,,,,,,,,,,,,kg,,,,,,,
65w-fast-gan-charger-gallium-nitride,GaN Charger,"Clevisco's 65W GaN(Galium Nitride) Charger 3 Port Dual USB Type C and USB A Power Adapter Laptop Wall Charging Plug GaN Power Delivery supported, Compatible with major laptops, all smartphones, tablets, android, IOS, Mac OS, and windows, etc. quick charge 3.0 technology.<quillbot-extension-portal></quillbot-extension-portal>",Cleviscoelectronics,Electronics > Electronics Accessories > Power > Power Adapters & Chargers,Electronics,"Charging Plug, Fast Charger, Fast Charger Adapter, High Power Adapter, High Wattage Adapter, Laptop Charger, Laptop Charging Adapter, Laptop Charging Plug, Phone Charger, Phone Charging Adapter, Phone Charging Plug, Smartphone Charger, USB Power Adapter, USB-A Power Adapter, USB-C Power Adapter",TRUE,Color,Black,,,,,,0,shopify,deny,manual,99,,TRUE,TRUE,,https://cdn.shopify.com/s/files/1/0779/1827/3853/files/d54aea_292bc817d26741a094a73f3c8482ea46_mv2.jpg?v=1687722384,1,,FALSE,Clevisco 65Watt Fast GaN Charger (Gallium Nitride),"Experience the ultimate charging solution with our revolutionary 65-Watt Fast Charger. Delivering remarkable peak output, supporting PD fast charging and quick charge 3.0. Sleek, compact, and portable design. Charge multiple devices simultaneously. Unrivaled efficiency and peak power performance. Premium Fast Charger.",,,,,,,,,,,,https://cdn.shopify.com/s/files/1/0779/1827/3853/files/d54aea_292bc817d26741a094a73f3c8482ea46_mv2.jpg?v=1687722384,kg,,,TRUE,TRUE,,,active
65w-fast-gan-charger-gallium-nitride,,,,,,,,,White,,,,,,0,shopify,deny,manual,99,,TRUE,TRUE,,https://cdn.shopify.com/s/files/1/0779/1827/3853/files/d54aea_c2815df9efa04842bcd06fa42d0cdad5_mv2.jpg?v=1687722384,2,,,,,,,,,,,,,,,,https://cdn.shopify.com/s/files/1/0779/1827/3853/files/d54aea_c2815df9efa04842bcd06fa42d0cdad5_mv2.jpg?v=1687722384,kg,,,,,,,
tesla-model-s-3-x-y-lifter-jack-pucks-car-body-frame-chassis-battery-protector,Lifter Jack Pucks,"Clevisco's Jack Lift Pucks for Tesla Model 3/Y/S/X, Jack Lift Pad Adapter, Tesla Accessory To Protect Battery &amp; Chassis<quillbot-extension-portal></quillbot-extension-portal>",Cleviscoautomotive,Vehicles & Parts > Vehicle Parts & Accessories,Tesla Accessories,"Clevisco Jack Lift Pucks, Jack Lift Pad Adapter for Tesla, Jack Lift Pucks for Tesla, Tesla Accessory to Protect Battery & Chassis, Tesla Jack Lift, Tesla Jack Lift Pad Adapter, Tesla Lift, Tesla Lift Points Adapter, Tesla Lifter Jacks, Tesla Model 3 Jack Lift Pucks, Tesla Model S Jack Lift Pucks, Tesla Model X Jack Lift Pucks, Tesla Model Y Jack Lift Pucks",TRUE,Title,Default Title,,,,,M3MYLJ,0,shopify,deny,manual,67,,TRUE,TRUE,'710594325549,https://cdn.shopify.com/s/files/1/0779/1827/3853/files/d54aea_2f7f91fdf2fc42dbb37ffa147d182e2c_mv2.jpg?v=1688303385,1,,FALSE,Clevisco Tesla Lifter Jack Pucks - Car Body Chassis/Battery Protector,"Protect your Tesla vehicle during lifting operations with our premium Jack Lift Pucks. Meticulously crafted for durability and easy installation. Elevate your Tesla experience with our reliable and luxurious Jack Lift Puck, offering unparalleled protection.",,,,,,,,,,,,,kg,,,TRUE,TRUE,,,active
tesla-model-3-y-floor-mats,Mats (Black),Clevisco's Tesla mats for Model 3/Y Waterproof and all weather Full Vegan Leather carpet Rear and front mats included. (Grey or Black)<quillbot-extension-portal></quillbot-extension-portal>,Cleviscoautomotive,"Vehicles & Parts > Vehicle Parts & Accessories > Vehicle Maintenance, Care & Decor > Vehicle Decor",Tesla Accessories,"Tesla Carpet, Tesla Floor Carpets, Tesla Floor Mats, Tesla Mats",TRUE,Model,3,,,,,M3MB,0,shopify,deny,manual,209,,TRUE,TRUE,'710594325358,https://cdn.shopify.com/s/files/1/0779/1827/3853/files/7b3e7f_7a257f0972694074bb4ecfcc37bcf7ca_mv2.jpg?v=1688224557,1,,FALSE,Clevisco Tesla Model 3/Y  Floor Mats,"Enhance and protect your Tesla with our premium mats. Specifically designed for a seamless fit and available in various colors. Crafted for durability and environmental consciousness. Easy removal of dirt, snow, water, and mud. Elevate your Tesla with our exceptional mats.",,,,,,,,,,,,https://cdn.shopify.com/s/files/1/0779/1827/3853/files/7b3e7f_7a257f0972694074bb4ecfcc37bcf7ca_mv2.jpg?v=1688224557,kg,,,TRUE,TRUE,,,active
tesla-model-3-y-floor-mats,,,,,,,,,Y,,,,,MYMB,0,shopify,deny,manual,219,,TRUE,TRUE,'710594325372,,,,,,,,,,,,,,,,,,https://cdn.shopify.com/s/files/1/0779/1827/3853/files/7b3e7f_7a257f0972694074bb4ecfcc37bcf7ca_mv2.jpg?v=1688224557,kg,,,,,,,
grey-mats,Mats (Grey/white),Clevisco's Tesla mats for Model 3/Y Waterproof and all weather Full Vegan Leather carpet Rear and front mats included. (Grey or Black)<quillbot-extension-portal></quillbot-extension-portal>,Cleviscoautomotive,"Vehicles & Parts > Vehicle Parts & Accessories > Vehicle Maintenance, Care & Decor > Vehicle Decor",Tesla Accessories,"Tesla Carpet, Tesla Floor Carpets, Tesla Floor Mats, Tesla Mats",TRUE,Model,3,,,,,M3MW,0,shopify,deny,manual,209,,TRUE,TRUE,'710594325341,https://cdn.shopify.com/s/files/1/0779/1827/3853/files/teslamats.png?v=1688223755,1,,FALSE,Clevisco Tesla Model 3/Y  Floor Mats,"Enhance and protect your Tesla with our premium mats. Specifically designed for a seamless fit and available in various colors. Crafted for durability and environmental consciousness. Easy removal of dirt, snow, water, and mud. Elevate your Tesla with our exceptional mats.",,,,,,,,,,,,,kg,,,TRUE,TRUE,,,active
grey-mats,,,,,,,,,Y,,,,,MYMW,0,shopify,deny,manual,219,,TRUE,TRUE,'710594325365,,,,,,,,,,,,,,,,,,,kg,,,,,,,
tesla-roof-shades,Model 3 Roof Shades,Clevisco's MODEL 3 Glass Roof Sunshade Sunroof Top/Rear Window Sunshade accessory with reflective shades 2022<quillbot-extension-portal></quillbot-extension-portal>,Cleviscoautomotive,"Vehicles & Parts > Vehicle Parts & Accessories > Vehicle Maintenance, Care & Decor",Tesla Accessories,"Tesla Accessories, Tesla Model 3 Shades Black, Tesla Model 3 Shades White, Tesla Model Y Shades, Tesla Model Y Shades Black, Tesla Model Y Shades White, Tesla Roof Shades, Tesla Shades",TRUE,Color,Black,,,,,,0,shopify,deny,manual,179,,TRUE,TRUE,,https://cdn.shopify.com/s/files/1/0779/1827/3853/files/7b3e7f_a4d2b89f9c9b4645aaabb060292bf1cc_mv2.jpg?v=1688130023,1,,FALSE,Clevisco Tesla Model 3 Roof Shades,"Upgrade your Tesla Model 3 with Clevisco Shades, the ultimate solution for sun protection and temperature reduction. Experience up to 20°C cooler interiors and 70% HVAC consumption reduction. Effortless installation and storage. Elevate your driving experience with Clevisco Shades.",,,,,,,,,,,,https://cdn.shopify.com/s/files/1/0779/1827/3853/files/7b3e7f_a4d2b89f9c9b4645aaabb060292bf1cc_mv2.jpg?v=1688130023,kg,,,TRUE,TRUE,,,active
tesla-roof-shades,,,,,,,,,White,,,,,,0,shopify,deny,manual,199,,TRUE,TRUE,,https://cdn.shopify.com/s/files/1/0779/1827/3853/files/7b3e7f_85feed9583a34c6fab9416475e7acf96_mv2.jpg?v=1688130023,2,,,,,,,,,,,,,,,,https://cdn.shopify.com/s/files/1/0779/1827/3853/files/7b3e7f_85feed9583a34c6fab9416475e7acf96_mv2.jpg?v=1688130023,kg,,,,,,,
tesla-model-y-roof-shades,Model Y Roof Shades,Clevisco's MODEL Y Glass Roof Sunshade Sunroof Top/Rear Window Sunshade accessory with reflective shades 2022<quillbot-extension-portal></quillbot-extension-portal>,Cleviscoautomotive,"Vehicles & Parts > Vehicle Parts & Accessories > Vehicle Maintenance, Care & Decor",Tesla Accessories,"Tesla Accessories, Tesla Model 3 Shades Black, Tesla Model 3 Shades White, Tesla Model Y Shades, Tesla Model Y Shades Black, Tesla Model Y Shades White, Tesla Roof Shades, Tesla Shades",TRUE,Color,Black,,,,,,0,shopify,deny,manual,179,,TRUE,TRUE,,https://cdn.shopify.com/s/files/1/0779/1827/3853/files/7b3e7f_3229984c75d94142a8217f0d8c9f7898_mv2.jpg?v=1688205931,1,,FALSE,Clevisco Tesla Model Y Roof Shades,"Upgrade your Tesla Model Y with Clevisco Shades, the ultimate solution for sun protection and temperature reduction. Experience up to 20°C cooler interiors and 70% HVAC consumption reduction. Effortless installation and storage. Elevate your driving experience with Clevisco Shades.",,,,,,,,,,,,https://cdn.shopify.com/s/files/1/0779/1827/3853/files/7b3e7f_3229984c75d94142a8217f0d8c9f7898_mv2.jpg?v=1688205931,kg,,,TRUE,TRUE,,,active
tesla-model-y-roof-shades,,,,,,,,,White,,,,,,0,shopify,deny,manual,199,,TRUE,TRUE,,https://cdn.shopify.com/s/files/1/0779/1827/3853/files/7b3e7f_3d55b3f0f2da4ca1b3254a99c1e800d2_mv2.jpg?v=1688205931,2,,,,,,,,,,,,,,,,https://cdn.shopify.com/s/files/1/0779/1827/3853/files/7b3e7f_3d55b3f0f2da4ca1b3254a99c1e800d2_mv2.jpg?v=1688205931,kg,,,,,,,
tesla-model-y-roof-shades,,,,,,,,,,,,,,,,,,,,,,,,https://cdn.shopify.com/s/files/1/0779/1827/3853/files/7b3e7f_b8f9094607c9495186a73b97794facf5_mv2.jpg?v=1688205931,3,,,,,,,,,,,,,,,,,,,,,,,,
tesla-model-y-roof-shades,,,,,,,,,,,,,,,,,,,,,,,,https://cdn.shopify.com/s/files/1/0779/1827/3853/files/7b3e7f_e3d823c2883b48d0b5171a658a16249b_mv2.jpg?v=1688205931,4,,,,,,,,,,,,,,,,,,,,,,,,
modern-arc-led-lamp-rgb-mutli-colour,Modern Arc Lamp,Clevisco's Modern Semi Arc Standing LED Room Lamp (white body)<quillbot-extension-portal></quillbot-extension-portal>,Cleviscoelectronics,Home & Garden > Lighting > Lamps,Electronics,"Home Furniture, Home LED Lamp, Home Lighting, Lamp, Lamp Light, LED Light, RGB Lamp",TRUE,Title,Default Title,,,,,LIGHTARC,0,shopify,deny,manual,369,,TRUE,TRUE,'710594325396,https://cdn.shopify.com/s/files/1/0779/1827/3853/files/7b3e7f_b0caff6adf724272ace95d313e616e68_mv2.jpg?v=1688303629,1,,FALSE,Clevisco's Modern LED Arc Lamp (white/RGB),"Illuminate your space with our elegant LED light. Experience personalized lighting with adjustable brightness and color temperature. Energy-efficient and long-lasting, it adds sophistication to any room. Elevate your home's ambiance today!",,,,,,,,,,,,,kg,,,TRUE,TRUE,,,active
tesla-pedal-covers-aluminum-with-silicone-grips,Pedal Covers,"Clevisco's Pedal Covers for Tesla Model 3/Y, Car Brake Pedal Cover, Accelerator/Gas Pedal Pad, Non-Slip Foot Pedals<quillbot-extension-portal></quillbot-extension-portal>",Cleviscoautomotive,Vehicles & Parts > Vehicle Parts & Accessories,Tesla Accessories,"Tesla Pedal Cover, Tesla Pedal Covers, Tesla Pedal Grips",TRUE,Title,Default Title,,,,,TC,0,shopify,deny,manual,49,,TRUE,TRUE,'710594325563,https://cdn.shopify.com/s/files/1/0779/1827/3853/files/d54aea_415824e70d9642f9a44131851007ffb4_mv2.jpg?v=1688226494,1,,FALSE,Clevisco Tesla Pedal Covers Aluminum with Silicone Grips,Upgrade your Tesla Model 3 and Model Y with our extraordinary Pedal Covers. Experience unparalleled style and sophistication with their unique design. Enjoy a hassle-free installation process and elevate your driving experience to new heights. Discover luxury and innovation today!,,,,,,,,,,,,,kg,,,TRUE,TRUE,,,active
phone-mount,Phone Mount Wall,"<p>Clevisco's Self-Adhesive Wall Phone/Remote Holder, Wall Mount Phone/Remote Holder, Phone/Remote, Plug Wall Holder Charging Phone Stand Wall Organizer</p>",Cleviscoelectronics,Electronics > Electronics Accessories,Electronic Accessory,"Wall Phone Holder, Wall Phone Mount",TRUE,Title,Default Title,,,,,PMW,0,shopify,deny,manual,29,,TRUE,TRUE,'710594325648,https://cdn.shopify.com/s/files/1/0779/1827/3853/products/H2275512aba0a454d81e6ac3e86bf5b502.jpg_960x960_338b99ea-ab23-42e1-b3ad-d9fd6649e9f4.jpg?v=1688303666,1,,FALSE,Clevisco Phone Mount Wall,"Enhance organization with our exquisite Wall Mount Organizer. Keep phones and remotes within reach with its functional design. Crafted from premium materials for durability. Effortless installation seamlessly integrates into your space. Use as a charger, remote, or phone holder. Elevate your organization today!",,,,,,,,,,,,,kg,,,TRUE,TRUE,,,active
rgb-metal-gaming-keyboard-with-led-lighting,RGB Metal Keyboard,"Clevisco's Metal Keyboard,104 Keys RGB LED Backlit Keyboard, Anti-ghosting Keys, Fastest Clicky Optical Switches, Ergonomic Design, Light Up USB Wired Keyboard for PC, Mac, &amp; consoles<quillbot-extension-portal></quillbot-extension-portal>",Cleviscogaming,Electronics > Electronics Accessories > Computer Components > Input Devices > Keyboards,Electronic Accessory,"Gaming Keyboard, Gaming Keyboards, Keyboard, LED Keyboard, RGB Keyboard",TRUE,Title,Default Title,,,,,MK,0,shopify,deny,manual,59,,TRUE,TRUE,'710594325617,https://cdn.shopify.com/s/files/1/0779/1827/3853/files/d54aea_baa32253f44b43afa2c4f05921c69cf4_mv2.jpg?v=1688303937,1,,FALSE,Clevisco RGB Metal Gaming Keyboard with LED Lighting ,Experience superior typing with our innovative Metal Keyboard. Meticulously crafted for maximum comfort and precision. Vibrant RGB-LED backlight creates stunning light shows. Seamless plug-and-play functionality for immediate use. Elevate your typing with style and effortless performance.,,,,,,,,,,,,,kg,,,TRUE,TRUE,,,active
rgb-mousepad-w-wireless-charging-dock,RGB Mousepad,Clevisco's Mouse-Pad with 10W Wireless Charging &amp; RGB Lighting. Anti-Slip &amp; Ultra Smooth for Precision Aim.<quillbot-extension-portal></quillbot-extension-portal>,Cleviscogaming,Electronics > Electronics Accessories > Computer Accessories > Mouse Pads,Electronic Accessory,"Gaming, Gaming Mousepad, LED Mousepad, Mousepad, RGB Gaming, Wireless Charger",TRUE,Title,Default Title,,,,,M1,0,shopify,deny,manual,88,,TRUE,TRUE,'710594324719,https://cdn.shopify.com/s/files/1/0779/1827/3853/files/7b3e7f_e68dd6f55e804e45939b79e264158155_mv2.jpg?v=1688304177,1,,FALSE,Clevisco RGB Mousepad w/ Wireless Charging Dock,"
Unleash your inner Pro with Clevisco. Our spacious mouse pad keeps your desktop organized while offering wrist support and precise control. Integrated with a 10W Wireless Super-charging panel, conveniently charge your devices. Elevate your gaming experience and unlock your full potential with Clevisco.",,,,,,,,,,,,,kg,,,TRUE,TRUE,,,active
tesla-screen-protector,Screen Protector,Clevisco's Tempered Glass Screen Protector accessory designed for Tesla Model 3 &amp; Y 2022 Touchscreen -UHD- 99% Transparent &amp; Anti-Glare Tempered Glass/Anti-Grease &amp; Fingerprint/Scratch Resistant<quillbot-extension-portal></quillbot-extension-portal>,Cleviscoautomotive,"Vehicles & Parts > Vehicle Parts & Accessories > Vehicle Maintenance, Care & Decor",Tesla Accessories,"Tesla Center Screen Glass, Tesla Screen Glass, Tesla Screen Glass Protector, Tesla Screen Protector",TRUE,Title,Default Title,,,,,T1,0,shopify,deny,manual,69,,TRUE,TRUE,X001ERQLLX,https://cdn.shopify.com/s/files/1/0779/1827/3853/files/7b3e7f_1006a253a319450f9fdd4487c129219d_mv2.jpg?v=1688304373,1,,FALSE,Clevisco Tesla Screen Protector,Experience ultimate protection with Clevisco's tempered glass protector for Model 3 and Model Y screens. Enhance comfort and confidence with cutting-edge technology. Trust Clevisco for premium quality and unmatched protection. Elevate your driving experience with Clevisco's superior screen protector.,,,,,,,,,,,,,kg,,,TRUE,TRUE,,,active
tesla-screen-protector,,,,,,,,,,,,,,,,,,,,,,,,https://cdn.shopify.com/s/files/1/0779/1827/3853/files/7b3e7f_5e9a46019bfd493fa63bd570d3f9d72e_mv2.jpg?v=1688304373,2,,,,,,,,,,,,,,,,,,,,,,,,
smartphone-gaming-controller,Smartphone Controller,Clevisco's Bluetooth Gamepad/Game Controller For IOS/Android/PC/XBOX/PS5/SWITCH w. Hand Grip (Black)<quillbot-extension-portal></quillbot-extension-portal>,Cleviscogaming,Electronics > Electronics Accessories > Computer Components > Input Devices > Game Controllers,Electronic Accessory,"Controller, Game Controller, Gamepad, Gaming Controller, Mobile Controller, Mobile Gaming Controller, Smartphone Gaming, Smartphone Gaming Controller",TRUE,Title,Default Title,,,,,CONTR,0,shopify,deny,manual,99,,TRUE,TRUE,'710594325402,https://cdn.shopify.com/s/files/1/0779/1827/3853/files/7b3e7f_b8a7352a1bdc44259436437bd86c3399_mv2.jpg?v=1688304918,1,,FALSE,Clevisco Smartphone Gaming Controller,"Upgrade your gaming experience with our Wireless Game Controller, designed for optimal comfort and seamless connectivity. Connect to your iPhone, iPad, and Android smartphones via Bluetooth 5.0. Enjoy up to 40 hours of gameplay on a single charge. Elevate your gaming with our ergonomic and long-lasting gamepad.",,,,,,,,,,,,,kg,,,TRUE,TRUE,,,active
tesla-steering-table,Steering Table,"Clevisco's Model 3/Y Highly Functional Steering Wheel Table, Suitable for dining in the car, Productivity, Table to keep laptops, tablets, iPads, or phones.<quillbot-extension-portal></quillbot-extension-portal>",Cleviscoautomotive,Vehicles & Parts > Vehicle Parts & Accessories > Vehicle Storage & Cargo > Vehicle Organizers,Tesla Accessories,"Car Interior Table for Model 3/Y, Car Steering Wheel Table, Dining Table for Tesla Model 3/Y, Highly Functional Steering Wheel Table, Laptop Table for Tesla Model 3/Y, Model 3/Y Steering Wheel Table, Phone Holder for Tesla Steering Wheel, Productivity Table for Tesla, Tablet and iPad Holder for Tesla, Tesla Steering Wheel Desk",TRUE,Title,Default Title,,,,,M3MYST,0,shopify,deny,manual,67,,TRUE,TRUE,'710594325556,https://cdn.shopify.com/s/files/1/0779/1827/3853/files/d54aea_86399b5c91a248c09071af51b7a5a567_mv2.jpg?v=1688313360,1,,FALSE,Clevisco Tesla Steering Table,"
Introducing our premium Steering Table, designed for Tesla Model 3 and Model Y. It seamlessly enhances your driving experience, serving as a dining area, workspace, and secure platform. Crafted with eco-conscious materials, it offers durability and luxury. Elevate your Tesla with our prestigious Steering Table.",,,,,,,,,,,,,kg,,,TRUE,TRUE,,,active
tesla-model-3-y-sunglass-holder,Sunglass Holder,"Clevisco's Tesla Model 3 Model Y Sunglass Storage Box, Sunglasses Holder, Eyeglasses Case Mount On Car Roof, Console Sunglasses Holder<quillbot-extension-portal></quillbot-extension-portal>",Cleviscoautomotive,Vehicles & Parts > Vehicle Parts & Accessories > Vehicle Storage & Cargo > Vehicle Organizers,Tesla Accessories,"Sunglass Holder, Tesla Sunglass Case, Tesla Sunglass Holder, Tesla Sunglass Holders, Tesla Sunglass Organizer",TRUE,Model,3,,,,,M3SG,0,shopify,deny,manual,67,,TRUE,TRUE,'710594325471,https://cdn.shopify.com/s/files/1/0779/1827/3853/files/d54aea_d83219f48ea64a688234ef2c9522de34_mv2.jpg?v=1688304751,1,,FALSE,Clevisco Tesla Model 3/Y Sunglass Holder,"Experience luxury and functionality with our Tesla Model 3/Y Sunglass Storage Box. Keep your glasses protected from dust and scratches in this premium storage solution. Crafted with top-quality materials for durability, it seamlessly integrates into your vehicle.",,,,,,,,,,,,https://cdn.shopify.com/s/files/1/0779/1827/3853/files/d54aea_d83219f48ea64a688234ef2c9522de34_mv2.jpg?v=1688304751,kg,,,TRUE,TRUE,,,active
tesla-model-3-y-sunglass-holder,,,,,,,,,Y,,,,,MYSG,0,shopify,deny,manual,67,,TRUE,TRUE,'710594325631,,,,,,,,,,,,,,,,,,https://cdn.shopify.com/s/files/1/0779/1827/3853/files/d54aea_d83219f48ea64a688234ef2c9522de34_mv2.jpg?v=1688304751,kg,,,,,,,
tesla-tray-above-centre-console,Tray,Clevisco's Multifunctional Center Console Tray/Table for Tesla Model 3/Y <quillbot-extension-portal></quillbot-extension-portal>,Cleviscoautomotive,Vehicles & Parts > Vehicle Parts & Accessories > Vehicle Storage & Cargo > Vehicle Organizers,Tesla Accessories,"Car Interior Tray/Table for Tesla, Center Console Workspace for Tesla, Console Organizer for Tesla Model 3/Y, Console Tray/Table for Tesla Model 3/Y, Multifunctional Console Table for Tesla, Tesla Console Table with Storage, Tesla Model 3/Y Accessories Tray/Table, Tesla Model 3/Y Center Console Tray, Tesla Model 3/Y Interior Organizer Table, Tesla Model 3/Y Storage Tray/Table",TRUE,Title,Default Title,,,,,TT,0,shopify,deny,manual,69,,TRUE,TRUE,'710594325440,https://cdn.shopify.com/s/files/1/0779/1827/3853/files/d54aea_bed4550a43c448ac97cbdb6c8114561a_mv2.jpg?v=1688313892,1,,FALSE,Clevisco Tesla Tray (Above Centre Console),"Enhance your Tesla Model 3 and Model Y driving experience with our versatile Tray/Table. Crafted with premium materials for durability, it seamlessly integrates into your vehicle's interior. Maximize productivity, entertainment, and dining on the go with this user-friendly accessory.",,,,,,,,,,,,,kg,,,TRUE,TRUE,,,active
tesla-tray-above-centre-console,,,,,,,,,,,,,,,,,,,,,,,,https://cdn.shopify.com/s/files/1/0779/1827/3853/files/d54aea_ae00c3abc0614dea912b8817b129904d_mv2.jpg?v=1688313892,2,,,,,,,,,,,,,,,,,,,,,,,,
usb-c-to-usb-c-90-degree-ergonomic-cable,USB-C 90° Cable,"Clevisco's 90 Degree USB C to USB C Cable, Right Angle, 1 Meter. Fast Charge, Type C, 90 Degree, Data Sync, Compatible with iPhone, iPad, Android, Samsung, Tablets, Highly Compatible with USB C devices.<quillbot-extension-portal></quillbot-extension-portal>",Cleviscoelectronics,Electronics > Electronics Accessories,Electronic Accessory,"USB C Cable, USB C Charging Cable, USB Charger Cable, USB Charging Cable, USB-C Charger",TRUE,Title,Default Title,,,,,UC,0,shopify,deny,manual,19,,TRUE,TRUE,'710594325655,https://cdn.shopify.com/s/files/1/0779/1827/3853/files/d54aea_b74f5d5fe92e4d9386f2f7ccb2cf3335_mv2.jpg?v=1688314374,1,,FALSE,Clevisco USB-C 90 Degree Ergonomic Charging Cable ,"Experience high-speed charging and exceptional durability with our premium Nylon Braided USB-C cable. With an impressive 2.4A/5V output, it ensures fast and efficient charging for all your USB-C compatible devices. Its unique 90-degree angle design sets it apart, providing added convenience and functionality.",,,,,,,,,,,,,kg,,,TRUE,TRUE,,,active
tesla-aero-wheel-hub-caps,Wheel Caps,"Clevisco's Hubcaps for Tesla Model 3/Y Wheel Cover, Rim Protector Replacement Hub Caps Kit Fully Wrapped for Tesla Model 3/Y Tesla Accessory to protect the tesla wheels and reduce drag, increasing acceleration, top speed, and battery efficiency.<quillbot-extension-portal></quillbot-extension-portal>",Cleviscoautomotive,Vehicles & Parts > Vehicle Parts & Accessories > Motor Vehicle Parts > Motor Vehicle Wheel Systems > Motor Vehicle Rims & Wheels > Automotive Rims & Wheels,Tesla Accessories,"Aero Wheel Covers for Tesla, Tesla Aero Wheel Accessories, Tesla Aero Wheel Cap Set, Tesla Aero Wheel Caps for Sale, Tesla Aero Wheel Center Caps, Tesla Aero Wheel Covers Online, Tesla Aero Wheel Hub Caps, Tesla Aftermarket Wheel Hub Caps, Tesla Hub Caps, Tesla Model 3 Aero Wheel Caps, Tesla Model Y Aero Wheel Hub Caps, Tesla Rims, Tesla Wheels",TRUE,Model,3,,,,,M3HC,0,shopify,deny,manual,349,,TRUE,TRUE,'710594325532,https://cdn.shopify.com/s/files/1/0779/1827/3853/files/d54aea_274c5739b4954d1fbffb3577e906fdb7_mv2.jpg?v=1688313518,1,,FALSE,Clevisco Tesla Aero Wheel Hub Caps,"Elevate your Tesla Model 3/Y with our exquisite Wheel Cover, meticulously designed for a seamless fit and exceptional protection. Crafted with precision using premium materials, it optimizes aerodynamics while shielding your OEM rim. Experience effortless installation and enhance your driving experience with our prest",,,,,,,,,,,,,kg,,,TRUE,TRUE,,,active
tesla-aero-wheel-hub-caps,,,,,,,,,Y,,,,,MYHC,0,shopify,deny,manual,369,,TRUE,TRUE,'710594325525,https://cdn.shopify.com/s/files/1/0779/1827/3853/files/d54aea_7e193e9ebfc54d0e9c0fe51cdec0b66a_mv2.jpg?v=1688313518,2,,,,,,,,,,,,,,,,,kg,,,,,,,
tesla-wind-air-noise-reduction-seal,Wind Noise Seal,"Clevisco's Wind Noise and sound reduction seal kit for Tesla Model 3, soundproof your Tesla, Waterproof, and Dustproof material.<quillbot-extension-portal></quillbot-extension-portal>",Cleviscoautomotive,Vehicles & Parts > Vehicle Parts & Accessories,Tesla Accessories,"Clevisco Soundproofing Solutions for Tesla, Clevisco Soundproofing Solutions for Tesla Model Y, Clevisco Wind Noise and Sound Reduction Seal Kit, Reduce Wind Noise in Tesla Model 3, Reduce Wind Noise in Tesla Model Y, Soundproof Your Tesla Model 3, Soundproof Your Tesla Model Y, Soundproofing Kit for Tesla Model 3, Soundproofing Kit for Tesla Model Y, Tesla Model 3 Noise Reduction Accessories, Tesla Model 3 Weatherproof Seal Kit, Tesla Model 3 Wind Noise Reduction Kit, Tesla Model Y Noise Reduction Accessories, Tesla Model Y Weatherproof Seal Kit, Tesla Model Y Wind Noise Reduction Kit, Tesla Wind Noise Seal Kit, Tesla Wind Noise Seal Kit for Model Y, Waterproof and Dustproof Seal Kit for Tesla, Waterproof and Dustproof Seal Kit for Tesla Model Y",TRUE,Model,3,,,,,M3TN,0,shopify,deny,manual,39,,TRUE,TRUE,'710594325457,https://cdn.shopify.com/s/files/1/0779/1827/3853/files/d54aea_ee0182fe05c14b6895bfcdae37b94aad_mv2.jpg?v=1688313707,1,,FALSE,Clevisco Tesla Wind Air Noise Reduction Seal,"Experience a serene and luxurious Tesla ride with our Wind Noise Reduction Kit. Effortless installation, durable construction, and superior noise reduction elevate your driving experience. Embrace tranquility and enjoy the journey.",,,,,,,,,,,,,kg,,,TRUE,TRUE,,,active
tesla-wind-air-noise-reduction-seal,,,,,,,,,Y,,,,,MYTN,0,shopify,deny,manual,49,,TRUE,TRUE,'710594325464,,,,,,,,,,,,,,,,,,,kg,,,,,,,
wireless-gaming-earbuds-with-charging-case,Wireless Gaming Earphone,"Clevisco's (Yellow) Gaming Earbuds Wireless Bluetooth 5.2 Earbuds Low-Latency Wireless Headset with RGB Breathing Lights, Dual Mode, Immersive Sound, Long Battery Life, Comfortable Fit, High-Quality sound, Waterproof, Noise Cancelling, Unique Design.<quillbot-extension-portal></quillbot-extension-portal>",Cleviscogaming,Electronics > Audio > Audio Components > Headphones & Headsets,Electronics,"Gaming Earbuds, Gaming Earphones, headphones, Wireless Earbuds, Wireless Earphones, Wireless Headphones",TRUE,Color,Yellow,,,,,HG,0,shopify,deny,manual,69,,TRUE,TRUE,'710594325600,https://cdn.shopify.com/s/files/1/0779/1827/3853/files/d54aea_07baae451ba14fb0860f70372322dccd_mv2.jpg?v=1688301404,1,,FALSE,Clevisco Wireless Gaming Earphones with Charging Case,"Elevate your gaming experience with our premium wireless earphones. Immerse yourself in extraordinary sound, crystal-clear audio, and extended battery life. Redefine your entertainment journey today.




",,,,,,,,,,,,https://cdn.shopify.com/s/files/1/0779/1827/3853/files/d54aea_07baae451ba14fb0860f70372322dccd_mv2.jpg?v=1688301404,kg,,69,TRUE,TRUE,,,active
