Handle,Title,Body (HTML),Vendor,Product Category,Type,Tags,Published,Option1 Name,Option1 Value,Option2 Name,Option2 Value,Option3 Name,Option3 Value,Variant SKU,Variant Grams,Variant Inventory Tracker,Variant Inventory Qty,Variant Inventory Policy,Variant Fulfillment Service,Variant Price,Variant Compare At Price,Variant Requires Shipping,Variant Taxable,Variant Barcode,Image Src,Image Position,Image Alt Text,Gift Card,SEO Title,SEO Description,Google Shopping / Google Product Category,Google Shopping / Gender,Google Shopping / Age Group,Google Shopping / MPN,Google Shopping / Condition,Google Shopping / Custom Product,Google Shopping / Custom Label 0,Google Shopping / Custom Label 1,Google Shopping / Custom Label 2,Google Shopping / Custom Label 3,Google Shopping / Custom Label 4,Variant Image,Variant Weight Unit,Variant Tax Code,Cost per item,Included / United Arab Emirates,Included / International,Price / International,Compare At Price / International,Status
phone-mount,Phone Mount Wall,"<p>Clevisco's Self-Adhesive Wall Phone/Remote Holder, Wall Mount Phone/Remote Holder, Phone/Remote, Plug Wall Holder Charging Phone Stand Wall Organizer</p>",Clevisco,Electronics > Electronics Accessories,Electronic Accessory,"Wall Phone Holder, Wall Phone Mount",true,Title,Default Title,,,,,PMW,0.0,shopify,3,deny,manual,29.00,,true,false,'710594325648,https://cdn.shopify.com/s/files/1/0779/1827/3853/products/H2275512aba0a454d81e6ac3e86bf5b502.jpg_960x960_338b99ea-ab23-42e1-b3ad-d9fd6649e9f4.jpg?v=1687653304,1,,false,Clevisco Phone Mount Wall,,,,,,,,,,,,,,kg,,,true,true,,,active
phone-mount,,,,,,,,,,,,,,,,,,,,,,,,,https://cdn.shopify.com/s/files/1/0779/1827/3853/files/H2275512aba0a454d81e6ac3e86bf5b502.jpg_960x960_15418e19-aaca-462b-b755-168fdb4c54de.jpg?v=1687692123,2,,,,,,,,,,,,,,,,,,,,,,,,
storagearm-rest1,Tesla Model 3 Model Y Centre Console Storage Organizer Tray Container,"<p>Tesla Model 3 Model Y Centre Storage Box Handle Pocket Armrest storage Passenger Storage Tray Container</p>
<quillbot-extension-portal></quillbot-extension-portal>",Clevisco,Vehicles & Parts > Vehicle Parts & Accessories > Vehicle Storage & Cargo > Vehicle Organizers,Tesla Accessories,"Tesla Accessories, Tesla Center Console, Tesla Center Console Organizer, Tesla Storage, Tesla Storage Organizer",true,Title,Default Title,,,,,M3YCSST,0.0,shopify,4,deny,manual,49.00,,true,false,'710594325495,https://cdn.shopify.com/s/files/1/0779/1827/3853/products/H44e64402394244d283058a62f9c2b27bI.jpg_960x960_5f75f030-7cd9-4314-9ae2-4cf42b410d71.jpg?v=1687653309,1,,false,Clevisco Tesla Model 3 Model Y Centre Console Storage Organizer Tray Container,,,,,,,,,,,,,,kg,,,true,true,,,active
tesla-console-wrap,Tesla Console Wrap,"<p>Clevisco's Center Console Wrap Skin Interior (2) Sets Compatible with MODEL 3 MODEL Y 2021-2022</p>
<quillbot-extension-portal></quillbot-extension-portal>",Clevisco,"Vehicles & Parts > Vehicle Parts & Accessories > Vehicle Maintenance, Care & Decor",Tesla Accessories,"Console Skin Tesla, Console Wrap Tesla, Tesla Console Skin, Tesla Console Skin Wrap, Tesla Console Wrap",true,Color,Wooden Brown,,,,,CW-WB,0.0,shopify,4,deny,manual,49.00,,true,false,7.11E+11,https://cdn.shopify.com/s/files/1/0779/1827/3853/products/7b3e7f_4e8d8144b0f44dc793a1179e57958650_mv2.jpg?v=1687683990,1,Tesla Console Wrap Wooden Brown,false,Clevisco Tesla Console Wrap Wooden Brown / Modern White,"Clevisco's beautiful console wrap designed to match the interior dash of your beautiful tesla. Our engineers have perfected the color to match 1:1 to the interior dash trim of tesla model 3 & model Y. Laser cutting technology ensures perfect finish & marvelous texture, which feels like the wrap came with the car.","Vehicles & Parts > Vehicle Parts & Accessories > Vehicle Maintenance, Care & Décor",,Adult,7.11E+11,,,,,,,,https://cdn.shopify.com/s/files/1/0779/1827/3853/products/7b3e7f_4e8d8144b0f44dc793a1179e57958650_mv2.jpg?v=1687683990,kg,,49.00,true,true,49.00,,active
tesla-console-wrap,,,,,,,,,Modern White,,,,,CW-MW,0.0,shopify,4,deny,manual,49.00,,true,false,7.11E+11,https://cdn.shopify.com/s/files/1/0779/1827/3853/files/7b3e7f_0018930c69674879980f19e7ffd34add_mv2.jpg?v=1687689218,2,Tesla Console Wrap Modern White,,,,,,,,,,,,,,,https://cdn.shopify.com/s/files/1/0779/1827/3853/files/7b3e7f_0018930c69674879980f19e7ffd34add_mv2.jpg?v=1687689218,kg,,49.00,,,,,
tesla-console-wrap,,,,,,,,,,,,,,,,,,,,,,,,,https://cdn.shopify.com/s/files/1/0779/1827/3853/files/7b3e7f_869c8b51f68f43e998351254b71a88f8_mv2.jpg?v=1687688264,3,Tesla Console Wrap Wooden Brown,,,,,,,,,,,,,,,,,,,,,,,
tesla-console-wrap,,,,,,,,,,,,,,,,,,,,,,,,,https://cdn.shopify.com/s/files/1/0779/1827/3853/files/7b3e7f_4d5de214c7bc4af69f63ae34546516b0_mv2.jpg?v=1687688264,4,Tesla Console Wrap Wooden Brown,,,,,,,,,,,,,,,,,,,,,,,
tesla-console-wrap,,,,,,,,,,,,,,,,,,,,,,,,,https://cdn.shopify.com/s/files/1/0779/1827/3853/files/7b3e7f_0cecc02d34644e6882a655b74b19e398_mv2.jpg?v=1687688264,5,Tesla Console Wrap Wooden Brown,,,,,,,,,,,,,,,,,,,,,,,
tesla-console-wrap,,,,,,,,,,,,,,,,,,,,,,,,,https://cdn.shopify.com/s/files/1/0779/1827/3853/files/7b3e7f_77b8619edf7f43c49f5cdfa54871cbfd_mv2.jpg?v=1687689486,6,,,,,,,,,,,,,,,,,,,,,,,,
tesla-console-wrap,,,,,,,,,,,,,,,,,,,,,,,,,https://cdn.shopify.com/s/files/1/0779/1827/3853/files/7b3e7f_870d8626dde041378ec052bf41c9ff37_mv2.jpg?v=1687689498,7,,,,,,,,,,,,,,,,,,,,,,,,
tesla-console-wrap,,,,,,,,,,,,,,,,,,,,,,,,,https://cdn.shopify.com/s/files/1/0779/1827/3853/files/7b3e7f_30b8c3a28a3d48369b48c85b4a65ad4f_mv2.jpg?v=1687689506,8,,,,,,,,,,,,,,,,,,,,,,,,
tesla-roof-shades,Tesla Model 3 Roof Shades,Clevisco's MODEL 3 Glass Roof Sunshade Sunroof Top/Rear Window Sunshade accessory with reflective shades 2022<quillbot-extension-portal></quillbot-extension-portal>,Clevisco,"Vehicles & Parts > Vehicle Parts & Accessories > Vehicle Maintenance, Care & Decor",Tesla Accessories,"Tesla Accessories, Tesla Model 3 Shades Black, Tesla Model 3 Shades White, Tesla Model Y Shades, Tesla Model Y Shades Black, Tesla Model Y Shades White, Tesla Roof Shades, Tesla Shades",true,Color,Black,,,,,,0.0,shopify,3,deny,manual,179.00,,true,false,,https://cdn.shopify.com/s/files/1/0779/1827/3853/files/7b3e7f_a4d2b89f9c9b4645aaabb060292bf1cc_mv2.jpg?v=1687691483,1,,false,Clevisco Tesla Model 3 Roof Shades,,,,,,,,,,,,,https://cdn.shopify.com/s/files/1/0779/1827/3853/files/7b3e7f_a4d2b89f9c9b4645aaabb060292bf1cc_mv2.jpg?v=1687691483,kg,,,true,true,,,active
tesla-roof-shades,,,,,,,,,White,,,,,,0.0,shopify,3,deny,manual,199.00,,true,false,,https://cdn.shopify.com/s/files/1/0779/1827/3853/files/7b3e7f_85feed9583a34c6fab9416475e7acf96_mv2.jpg?v=1687691483,2,,,,,,,,,,,,,,,,https://cdn.shopify.com/s/files/1/0779/1827/3853/files/7b3e7f_85feed9583a34c6fab9416475e7acf96_mv2.jpg?v=1687691483,kg,,,,,,,
tesla-roof-shades,,,,,,,,,,,,,,,,,,,,,,,,,https://cdn.shopify.com/s/files/1/0779/1827/3853/files/7b3e7f_e6b710e337f744fd9ff9547ae75d5561_mv2.jpg?v=1687691491,3,,,,,,,,,,,,,,,,,,,,,,,,
tesla-roof-shades,,,,,,,,,,,,,,,,,,,,,,,,,https://cdn.shopify.com/s/files/1/0779/1827/3853/files/7b3e7f_1c3a7d9ee27c4c50baa2b9214ab53260_mv2.jpg?v=1687691500,4,,,,,,,,,,,,,,,,,,,,,,,,
tesla-roof-shades,,,,,,,,,,,,,,,,,,,,,,,,,https://cdn.shopify.com/s/files/1/0779/1827/3853/files/7b3e7f_213b0e8b062c48cca9c75a6944c53a83_mv2.jpg?v=1687691511,5,,,,,,,,,,,,,,,,,,,,,,,,
tesla-roof-shades,,,,,,,,,,,,,,,,,,,,,,,,,https://cdn.shopify.com/s/files/1/0779/1827/3853/files/7b3e7f_632b0fbfc29a42dd9f7e0727467dcc29_mv2.jpg?v=1687691518,6,,,,,,,,,,,,,,,,,,,,,,,,
tesla-roof-shades,,,,,,,,,,,,,,,,,,,,,,,,,https://cdn.shopify.com/s/files/1/0779/1827/3853/files/7b3e7f_9ec2d13e12dd4c21b76fb07f6628597a_mv2.jpg?v=1687691527,7,,,,,,,,,,,,,,,,,,,,,,,,
tesla-roof-shades,,,,,,,,,,,,,,,,,,,,,,,,,https://cdn.shopify.com/s/files/1/0779/1827/3853/files/7b3e7f_8b6b997d6c8d469b8930c85590c6a31c_mv2.jpg?v=1687691531,8,,,,,,,,,,,,,,,,,,,,,,,,
tesla-model-y-roof-shades,Tesla Model Y Roof Shades,Clevisco's MODEL Y Glass Roof Sunshade Sunroof Top/Rear Window Sunshade accessory with reflective shades 2022<quillbot-extension-portal></quillbot-extension-portal>,Clevisco,"Vehicles & Parts > Vehicle Parts & Accessories > Vehicle Maintenance, Care & Decor",Tesla Accessories,"Tesla Accessories, Tesla Model 3 Shades Black, Tesla Model 3 Shades White, Tesla Model Y Shades, Tesla Model Y Shades Black, Tesla Model Y Shades White, Tesla Roof Shades, Tesla Shades",true,Color,Black,,,,,,0.0,shopify,3,deny,manual,179.00,,true,false,,https://cdn.shopify.com/s/files/1/0779/1827/3853/files/7b3e7f_3229984c75d94142a8217f0d8c9f7898_mv2.jpg?v=1687691725,1,,false,Clevisco Tesla Model Y Roof Shades,,,,,,,,,,,,,https://cdn.shopify.com/s/files/1/0779/1827/3853/files/7b3e7f_3229984c75d94142a8217f0d8c9f7898_mv2.jpg?v=1687691725,kg,,,true,true,,,active
tesla-model-y-roof-shades,,,,,,,,,White,,,,,,0.0,shopify,3,deny,manual,199.00,,true,false,,https://cdn.shopify.com/s/files/1/0779/1827/3853/files/7b3e7f_3d55b3f0f2da4ca1b3254a99c1e800d2_mv2.jpg?v=1687691794,2,,,,,,,,,,,,,,,,https://cdn.shopify.com/s/files/1/0779/1827/3853/files/7b3e7f_3d55b3f0f2da4ca1b3254a99c1e800d2_mv2.jpg?v=1687691794,kg,,,,,,,
tesla-model-y-roof-shades,,,,,,,,,,,,,,,,,,,,,,,,,https://cdn.shopify.com/s/files/1/0779/1827/3853/files/7b3e7f_367e6a2223e0434f99e6ef50ecdebb42_mv2.jpg?v=1687691794,3,,,,,,,,,,,,,,,,,,,,,,,,
tesla-model-y-roof-shades,,,,,,,,,,,,,,,,,,,,,,,,,https://cdn.shopify.com/s/files/1/0779/1827/3853/files/7b3e7f_4d670bc692bf458e829723a747a47e1d_mv2.jpg?v=1687691794,4,,,,,,,,,,,,,,,,,,,,,,,,
tesla-model-y-roof-shades,,,,,,,,,,,,,,,,,,,,,,,,,https://cdn.shopify.com/s/files/1/0779/1827/3853/files/7b3e7f_b8f9094607c9495186a73b97794facf5_mv2.jpg?v=1687691794,5,,,,,,,,,,,,,,,,,,,,,,,,
tesla-model-y-roof-shades,,,,,,,,,,,,,,,,,,,,,,,,,https://cdn.shopify.com/s/files/1/0779/1827/3853/files/7b3e7f_e3d823c2883b48d0b5171a658a16249b_mv2.jpg?v=1687691794,6,,,,,,,,,,,,,,,,,,,,,,,,
tesla-model-y-roof-shades,,,,,,,,,,,,,,,,,,,,,,,,,https://cdn.shopify.com/s/files/1/0779/1827/3853/files/7b3e7f_2ab3ac2999ca42c1bef642d94d43cd09_mv2.jpg?v=1687691794,7,,,,,,,,,,,,,,,,,,,,,,,,
tesla-model-y-roof-shades,,,,,,,,,,,,,,,,,,,,,,,,,https://cdn.shopify.com/s/files/1/0779/1827/3853/files/7b3e7f_d0a9a3bec18b4bd58223a4604abc6c0a_mv2.jpg?v=1687691778,8,,,,,,,,,,,,,,,,,,,,,,,,
tesla-model-y-roof-shades,,,,,,,,,,,,,,,,,,,,,,,,,https://cdn.shopify.com/s/files/1/0779/1827/3853/files/7b3e7f_5657d7cfa57947ccb9434f4a6f12b9ae_mv2.jpg?v=1687691783,9,,,,,,,,,,,,,,,,,,,,,,,,
tesla-model-3-y-center-console-drawer,Tesla Model 3/Y Center Console Drawer,Clevisco's Soft Fabric Console Organizer/Storage Box accessory for TESLA model 3/Y 2022 that Slides and Gives You a Hidden Cubby Storage Box<quillbot-extension-portal></quillbot-extension-portal>,Clevisco,Vehicles & Parts > Vehicle Parts & Accessories > Vehicle Storage & Cargo > Vehicle Organizers,Tesla Accessories,"Tesla Drawer, Tesla Organizer, Tesla Storage Organizer, Tesla Tray",true,Title,Default Title,,,,,t3,0.0,shopify,4,deny,manual,49.00,,true,false,X001ERT4ET,https://cdn.shopify.com/s/files/1/0779/1827/3853/files/7b3e7f_f6ac12ed5cc04debbbf115f8fe585f98_mv2.png?v=1687693273,1,,false,Clevisco Tesla Model 3/Y Center Console Drawer,,,,,,,,,,,,,,kg,,,true,true,,,active
tesla-model-3-y-center-console-drawer,,,,,,,,,,,,,,,,,,,,,,,,,https://cdn.shopify.com/s/files/1/0779/1827/3853/files/7b3e7f_3a995bfdba76464da99b5172448d50af_mv2.jpg?v=1687693280,2,,,,,,,,,,,,,,,,,,,,,,,,
tesla-model-3-y-center-console-drawer,,,,,,,,,,,,,,,,,,,,,,,,,https://cdn.shopify.com/s/files/1/0779/1827/3853/files/7b3e7f_8603ca0d6e9c414e8888a47660824da2_mv2.jpg?v=1687693286,3,,,,,,,,,,,,,,,,,,,,,,,,
tesla-model-3-y-center-console-drawer,,,,,,,,,,,,,,,,,,,,,,,,,https://cdn.shopify.com/s/files/1/0779/1827/3853/files/7b3e7f_9504304dd6e84af6bdbd3184833e4216_mv2.jpg?v=1687693296,4,,,,,,,,,,,,,,,,,,,,,,,,
tesla-model-3-y-center-console-drawer,,,,,,,,,,,,,,,,,,,,,,,,,https://cdn.shopify.com/s/files/1/0779/1827/3853/files/7b3e7f_c65f991e851b4de6a2d73d203bb5a525_mv2.jpg?v=1687693308,5,,,,,,,,,,,,,,,,,,,,,,,,
tesla-model-3-y-center-console-drawer,,,,,,,,,,,,,,,,,,,,,,,,,https://cdn.shopify.com/s/files/1/0779/1827/3853/files/7b3e7f_062826f077b144459ef79e94a259441c_mv2.jpg?v=1687693314,6,,,,,,,,,,,,,,,,,,,,,,,,
tesla-model-3-y-center-console-drawer,,,,,,,,,,,,,,,,,,,,,,,,,https://cdn.shopify.com/s/files/1/0779/1827/3853/files/7b3e7f_5d7122c16b0143f29748f3dc6960e25b_mv2.jpg?v=1687693319,7,,,,,,,,,,,,,,,,,,,,,,,,
tesla-screen-protector,Tesla Screen Protector,Clevisco's Tempered Glass Screen Protector accessory designed for Tesla Model 3 &amp; Y 2022 Touchscreen -UHD- 99% Transparent &amp; Anti-Glare Tempered Glass/Anti-Grease &amp; Fingerprint/Scratch Resistant<quillbot-extension-portal></quillbot-extension-portal>,Clevisco,"Vehicles & Parts > Vehicle Parts & Accessories > Vehicle Maintenance, Care & Decor",Tesla Accessories,"Tesla Center Screen Glass, Tesla Screen Glass, Tesla Screen Glass Protector, Tesla Screen Protector",true,Title,Default Title,,,,,T1,0.0,shopify,3,deny,manual,69.00,,true,false,X001ERQLLX,https://cdn.shopify.com/s/files/1/0779/1827/3853/files/7b3e7f_1006a253a319450f9fdd4487c129219d_mv2.jpg?v=1687693987,1,,false,Clevisco Tesla Screen Protector,,,,,,,,,,,,,,kg,,,true,true,,,active
tesla-screen-protector,,,,,,,,,,,,,,,,,,,,,,,,,https://cdn.shopify.com/s/files/1/0779/1827/3853/files/7b3e7f_5e9a46019bfd493fa63bd570d3f9d72e_mv2.jpg?v=1687693988,2,,,,,,,,,,,,,,,,,,,,,,,,
tesla-screen-protector,,,,,,,,,,,,,,,,,,,,,,,,,https://cdn.shopify.com/s/files/1/0779/1827/3853/files/7b3e7f_4bd9de19ccbc4807a2738b4bce02d89a_mv2.jpg?v=1687693988,3,,,,,,,,,,,,,,,,,,,,,,,,
tesla-screen-protector,,,,,,,,,,,,,,,,,,,,,,,,,https://cdn.shopify.com/s/files/1/0779/1827/3853/files/7b3e7f_9cae71d3cfe449b2b9feddef2c383733_mv2.jpg?v=1687693988,4,,,,,,,,,,,,,,,,,,,,,,,,
tesla-screen-protector,,,,,,,,,,,,,,,,,,,,,,,,,https://cdn.shopify.com/s/files/1/0779/1827/3853/files/7b3e7f_ab955e04030f4f96a152f27bd2f1259b_mv2.jpg?v=1687693988,5,,,,,,,,,,,,,,,,,,,,,,,,
tesla-screen-protector,,,,,,,,,,,,,,,,,,,,,,,,,https://cdn.shopify.com/s/files/1/0779/1827/3853/files/7b3e7f_461e318f0dcc4214896a0370e6979190_mv2.jpg?v=1687693988,6,,,,,,,,,,,,,,,,,,,,,,,,
tesla-screen-protector,,,,,,,,,,,,,,,,,,,,,,,,,https://cdn.shopify.com/s/files/1/0779/1827/3853/files/7b3e7f_03cdbc82b7b845daa13dc6e18c5034ae_mv2.jpg?v=1687693988,7,,,,,,,,,,,,,,,,,,,,,,,,
rgb-mousepad-w-wireless-charging-dock,RGB Mousepad w/ Wireless Charging Dock,Clevisco's Mouse-Pad with 10W Wireless Charging &amp; RGB Lighting. Anti-Slip &amp; Ultra Smooth for Precision Aim.<quillbot-extension-portal></quillbot-extension-portal>,Clevisco,Electronics > Electronics Accessories > Computer Accessories > Mouse Pads,Electronic Accessory,"Gaming, Gaming Mousepad, LED Mousepad, Mousepad, RGB Gaming, Wireless Charger",true,Title,Default Title,,,,,M1,0.0,shopify,3,deny,manual,88.00,,true,false,'710594324719,https://cdn.shopify.com/s/files/1/0779/1827/3853/files/7b3e7f_e68dd6f55e804e45939b79e264158155_mv2.jpg?v=1687696510,1,,false,Clevisco RGB Mousepad w/ Wireless Charging Dock,,,,,,,,,,,,,,kg,,,true,true,,,active
rgb-mousepad-w-wireless-charging-dock,,,,,,,,,,,,,,,,,,,,,,,,,https://cdn.shopify.com/s/files/1/0779/1827/3853/files/7b3e7f_4f8aca31430140b29538d87d16214516_mv2.jpg?v=1687696511,2,,,,,,,,,,,,,,,,,,,,,,,,
rgb-mousepad-w-wireless-charging-dock,,,,,,,,,,,,,,,,,,,,,,,,,https://cdn.shopify.com/s/files/1/0779/1827/3853/files/7b3e7f_7a39316639764db2b4c54c9895c220c6_mv2.jpg?v=1687696511,3,,,,,,,,,,,,,,,,,,,,,,,,
rgb-mousepad-w-wireless-charging-dock,,,,,,,,,,,,,,,,,,,,,,,,,https://cdn.shopify.com/s/files/1/0779/1827/3853/files/7b3e7f_64db735b867643008127b614d93c5389_mv2.jpg?v=1687696511,4,,,,,,,,,,,,,,,,,,,,,,,,
rgb-mousepad-w-wireless-charging-dock,,,,,,,,,,,,,,,,,,,,,,,,,https://cdn.shopify.com/s/files/1/0779/1827/3853/files/7b3e7f_14c733a7df1646cb9641148115aeeb1d_mv2.jpg?v=1687696511,5,,,,,,,,,,,,,,,,,,,,,,,,
rgb-mousepad-w-wireless-charging-dock,,,,,,,,,,,,,,,,,,,,,,,,,https://cdn.shopify.com/s/files/1/0779/1827/3853/files/7b3e7f_55c91e5d36a1430ebb397827d77969c5_mv2.jpg?v=1687696511,6,,,,,,,,,,,,,,,,,,,,,,,,
rgb-mousepad-w-wireless-charging-dock,,,,,,,,,,,,,,,,,,,,,,,,,https://cdn.shopify.com/s/files/1/0779/1827/3853/files/7b3e7f_fff158839a454a4daf2bbbf969ee2e04_mv2.jpg?v=1687696511,7,,,,,,,,,,,,,,,,,,,,,,,,
wireless-earbuds-fit,Wireless EarBuds Fit,Clevisco's Sound EarBuds FIT Bluetooth Wireless UHD 9D 5.1 Surround with MIC and Charging Case iOS/Android/Windows<quillbot-extension-portal></quillbot-extension-portal>,Clevisco,Electronics > Audio > Audio Components > Headphones & Headsets,Electronics,"Earpods, Wireless Earphones, Wireless Earpods, Wireless Headphones, Wireless Headset",true,Title,Default Title,,,,,2L-5PE2-92GH,0.0,shopify,3,deny,manual,48.00,,true,false,'710594324696,https://cdn.shopify.com/s/files/1/0779/1827/3853/files/7b3e7f_f3dfa3084b2b40a0841f9d0740ee8187_mv2_0bfb6177-938c-4657-a041-07f66cd17a87.jpg?v=1687699529,1,,false,Clevisco EarBuds Fit,,,,,,,,,,,,,,kg,,,true,true,,,active
wireless-earbuds-fit,,,,,,,,,,,,,,,,,,,,,,,,,https://cdn.shopify.com/s/files/1/0779/1827/3853/files/7b3e7f_287f1fd21df04a1cba48af090d5a9c64_mv2.jpg?v=1687699529,2,,,,,,,,,,,,,,,,,,,,,,,,
wireless-earbuds-fit,,,,,,,,,,,,,,,,,,,,,,,,,https://cdn.shopify.com/s/files/1/0779/1827/3853/files/7b3e7f_c7eaaf5385604c11b5974814803df102_mv2.jpg?v=1687699529,3,,,,,,,,,,,,,,,,,,,,,,,,
wireless-earbuds-fit,,,,,,,,,,,,,,,,,,,,,,,,,https://cdn.shopify.com/s/files/1/0779/1827/3853/files/7b3e7f_fed7fbb37898410f8ae11b19fcb5744c_mv2.jpg?v=1687699530,4,,,,,,,,,,,,,,,,,,,,,,,,
wireless-earbuds-fit,,,,,,,,,,,,,,,,,,,,,,,,,https://cdn.shopify.com/s/files/1/0779/1827/3853/files/7b3e7f_8c6b6b92c23e48ca815cbccb1ba35a4e_mv2.jpg?v=1687699530,5,,,,,,,,,,,,,,,,,,,,,,,,
wireless-earbuds-fit,,,,,,,,,,,,,,,,,,,,,,,,,https://cdn.shopify.com/s/files/1/0779/1827/3853/files/7b3e7f_26d0c01bb36e46239a109e27685ebc93_mv2.jpg?v=1687699530,6,,,,,,,,,,,,,,,,,,,,,,,,
wireless-earbuds-fit,,,,,,,,,,,,,,,,,,,,,,,,,https://cdn.shopify.com/s/files/1/0779/1827/3853/files/7b3e7f_a468ad150ad345289abef6221016f99f_mv2.jpg?v=1687699530,7,,,,,,,,,,,,,,,,,,,,,,,,
wireless-earbuds-fit,,,,,,,,,,,,,,,,,,,,,,,,,https://cdn.shopify.com/s/files/1/0779/1827/3853/files/7b3e7f_0444c7e42e4f490fa26577e5c2626289_mv2.jpg?v=1687699530,8,,,,,,,,,,,,,,,,,,,,,,,,
wireless-earbuds-pro,Wireless Earbuds Pro,Clevisco's Sound Earpods Pro Bluetooth Wireless UHD 9D 5.1 Surround Audio Mic and Charging Case Works with iOS/Android/WINDOWSs,Clevisco,Electronics > Audio > Audio Components > Headphones & Headsets,Electronics,"Earpods, Wireless Earphones, Wireless Earpods, Wireless Headphones, Wireless Headset",true,Title,Default Title,,,,,76-5FMX-44B0,0.0,shopify,3,deny,manual,48.00,,true,false,'710594324702,https://cdn.shopify.com/s/files/1/0779/1827/3853/files/7b3e7f_0f2009e4243446a0b2980b0d39068bfd_mv2_77d62eec-a7b8-4b1d-a840-63c54bdd2bfb.jpg?v=1687712330,1,,false,Clevisco EarBuds Pro,,,,,,,,,,,,,,kg,,,true,true,,,active
wireless-earbuds-pro,,,,,,,,,,,,,,,,,,,,,,,,,https://cdn.shopify.com/s/files/1/0779/1827/3853/files/7b3e7f_c1fc44e04aec4a618d9177951e702381_mv2.jpg?v=1687712335,2,,,,,,,,,,,,,,,,,,,,,,,,
wireless-earbuds-pro,,,,,,,,,,,,,,,,,,,,,,,,,https://cdn.shopify.com/s/files/1/0779/1827/3853/files/7b3e7f_ed7491cd45374129bf9841170062f44d_mv2.jpg?v=1687712341,3,,,,,,,,,,,,,,,,,,,,,,,,
wireless-earbuds-pro,,,,,,,,,,,,,,,,,,,,,,,,,https://cdn.shopify.com/s/files/1/0779/1827/3853/files/7b3e7f_2ea53ec660fc433e87399c6cf79abe13_mv2.jpg?v=1687712347,4,,,,,,,,,,,,,,,,,,,,,,,,
wireless-earbuds-pro,,,,,,,,,,,,,,,,,,,,,,,,,https://cdn.shopify.com/s/files/1/0779/1827/3853/files/7b3e7f_c1a50a0c0685481e8714d2dcbbceedaf_mv2.jpg?v=1687712352,5,,,,,,,,,,,,,,,,,,,,,,,,
wireless-earbuds-pro,,,,,,,,,,,,,,,,,,,,,,,,,https://cdn.shopify.com/s/files/1/0779/1827/3853/files/7b3e7f_aeac37b3fbfe49738af0adfa97406b61_mv2.jpg?v=1687712359,6,,,,,,,,,,,,,,,,,,,,,,,,
wireless-earbuds-pro,,,,,,,,,,,,,,,,,,,,,,,,,https://cdn.shopify.com/s/files/1/0779/1827/3853/files/7b3e7f_d509eb214cbf48a6ad82f1999ec1d3ff_mv2.jpg?v=1687712365,7,,,,,,,,,,,,,,,,,,,,,,,,
tesla-model-3-y-floor-mats,Tesla Model 3/Y  Floor Mats,Clevisco's Tesla mats for Model 3/Y Waterproof and all weather Full Vegan Leather carpet Rear and front mats included. (Grey or Black)<quillbot-extension-portal></quillbot-extension-portal>,Clevisco,"Vehicles & Parts > Vehicle Parts & Accessories > Vehicle Maintenance, Care & Decor > Vehicle Decor",Tesla Accessories,"Tesla Carpet, Tesla Floor Carpets, Tesla Floor Mats, Tesla Mats",true,Model,3,Color,Black,,,M3MB,0.0,shopify,4,deny,manual,369.00,,true,false,'710594325358,https://cdn.shopify.com/s/files/1/0779/1827/3853/files/7b3e7f_7a257f0972694074bb4ecfcc37bcf7ca_mv2.jpg?v=1687714422,1,,false,Clevisco Tesla Model 3/Y  Floor Mats,,,,,,,,,,,,,https://cdn.shopify.com/s/files/1/0779/1827/3853/files/7b3e7f_7a257f0972694074bb4ecfcc37bcf7ca_mv2.jpg?v=1687714422,kg,,,true,true,,,active
tesla-model-3-y-floor-mats,,,,,,,,,3,,Grey/White,,,M3MW,0.0,shopify,4,deny,manual,369.00,,true,false,'710594325341,https://cdn.shopify.com/s/files/1/0779/1827/3853/files/7b3e7f_9fa83cbd4ce547df80b15818384a85d5_mv2.jpg?v=1687714422,2,,,,,,,,,,,,,,,,https://cdn.shopify.com/s/files/1/0779/1827/3853/files/7b3e7f_2741bd94723d489a95561883257e62c5_mv2.jpg?v=1687714422,kg,,,,,,,
tesla-model-3-y-floor-mats,,,,,,,,,Y,,Black,,,MYMB,0.0,shopify,4,deny,manual,369.00,,true,false,'710594325372,https://cdn.shopify.com/s/files/1/0779/1827/3853/files/7b3e7f_2741bd94723d489a95561883257e62c5_mv2.jpg?v=1687714422,3,,,,,,,,,,,,,,,,https://cdn.shopify.com/s/files/1/0779/1827/3853/files/7b3e7f_7a257f0972694074bb4ecfcc37bcf7ca_mv2.jpg?v=1687714422,kg,,,,,,,
tesla-model-3-y-floor-mats,,,,,,,,,Y,,Grey/White,,,MYMW,0.0,shopify,4,deny,manual,369.00,,true,false,'710594325365,https://cdn.shopify.com/s/files/1/0779/1827/3853/files/7b3e7f_1b4b07fde607463492019cf0d50d3b6a_mv2.jpg?v=1687714422,4,,,,,,,,,,,,,,,,https://cdn.shopify.com/s/files/1/0779/1827/3853/files/7b3e7f_2741bd94723d489a95561883257e62c5_mv2.jpg?v=1687714422,kg,,,,,,,
tesla-model-3-y-floor-mats,,,,,,,,,,,,,,,,,,,,,,,,,https://cdn.shopify.com/s/files/1/0779/1827/3853/files/7b3e7f_0b51d18f3a244bfbaa6aa279c0178449_mv2.jpg?v=1687714422,5,,,,,,,,,,,,,,,,,,,,,,,,
tesla-model-3-y-floor-mats,,,,,,,,,,,,,,,,,,,,,,,,,https://cdn.shopify.com/s/files/1/0779/1827/3853/files/7b3e7f_371e59a69f33420cbce2965644c865ea_mv2.jpg?v=1687714423,6,,,,,,,,,,,,,,,,,,,,,,,,
tesla-model-3-y-floor-mats,,,,,,,,,,,,,,,,,,,,,,,,,https://cdn.shopify.com/s/files/1/0779/1827/3853/files/d54aea_da31e92f93fa48c39ef76088d3d5dae6_mv2.jpg?v=1687714423,7,,,,,,,,,,,,,,,,,,,,,,,,
tesla-model-3-y-floor-mats,,,,,,,,,,,,,,,,,,,,,,,,,https://cdn.shopify.com/s/files/1/0779/1827/3853/files/d54aea_2b8b80c60e60438ea89aac4a151f0d12_mv2.jpg?v=1687714423,8,,,,,,,,,,,,,,,,,,,,,,,,
tesla-model-3-y-floor-mats,,,,,,,,,,,,,,,,,,,,,,,,,https://cdn.shopify.com/s/files/1/0779/1827/3853/files/d54aea_b67e954f8f434418a4136bccafd1f94c_mv2.jpg?v=1687714423,9,,,,,,,,,,,,,,,,,,,,,,,,
wireless-ergonomic-vertical-mouse,Wireless Ergonomic (Vertical) Mouse,"Clevisco's Wireless Ergonomic vertical mouse, Comfortable and classy, Adjustable DPI Sensitivity, 5-button design, compatible with computers, Laptops, PC, and Macs. Comes with Free Batteries (2Pcs).<quillbot-extension-portal></quillbot-extension-portal>",Clevisco,Electronics > Electronics Accessories > Computer Components > Input Devices > Mice & Trackballs,Electronics,"Comfortable Mouse, Ergonomic Accessories, Ergonomic Mouse, Wireless Mouse",true,Title,Default Title,,,,,MOUSE1,0.0,shopify,10,deny,manual,49.00,,true,false,'710594325389,https://cdn.shopify.com/s/files/1/0779/1827/3853/files/7b3e7f_0cc8f45c4734450f8575ddc3b1e27570_mv2.jpg?v=1687715195,1,,false,Clevisco Wireless Ergonomic (Vertical) Mouse ,,,,,,,,,,,,,,kg,,,true,true,,,active
wireless-ergonomic-vertical-mouse,,,,,,,,,,,,,,,,,,,,,,,,,https://cdn.shopify.com/s/files/1/0779/1827/3853/files/7b3e7f_5b5684ddb4f1470987ed9f36bbe62635_mv2.jpg?v=1687715197,2,,,,,,,,,,,,,,,,,,,,,,,,
wireless-ergonomic-vertical-mouse,,,,,,,,,,,,,,,,,,,,,,,,,https://cdn.shopify.com/s/files/1/0779/1827/3853/files/7b3e7f_b18be40c15894536879fea5f1887fa99_mv2.jpg?v=1687715197,3,,,,,,,,,,,,,,,,,,,,,,,,
wireless-ergonomic-vertical-mouse,,,,,,,,,,,,,,,,,,,,,,,,,https://cdn.shopify.com/s/files/1/0779/1827/3853/files/7b3e7f_10e67ef38e1c456097d73a89e1ebb4ff_mv2.jpg?v=1687715197,4,,,,,,,,,,,,,,,,,,,,,,,,
wireless-ergonomic-vertical-mouse,,,,,,,,,,,,,,,,,,,,,,,,,https://cdn.shopify.com/s/files/1/0779/1827/3853/files/7b3e7f_f297bd608da1465992a4bee4d1bc3d61_mv2.jpg?v=1687715197,5,,,,,,,,,,,,,,,,,,,,,,,,
wireless-ergonomic-vertical-mouse,,,,,,,,,,,,,,,,,,,,,,,,,https://cdn.shopify.com/s/files/1/0779/1827/3853/files/7b3e7f_dd442f55ced94be7b3c437ea2e375a27_mv2.jpg?v=1687715197,6,,,,,,,,,,,,,,,,,,,,,,,,
wireless-ergonomic-vertical-mouse,,,,,,,,,,,,,,,,,,,,,,,,,https://cdn.shopify.com/s/files/1/0779/1827/3853/files/7b3e7f_cdc13d836a934ad5b36d9c2fb62e4b8d_mv2.jpg?v=1687715197,7,,,,,,,,,,,,,,,,,,,,,,,,
modern-arc-led-lamp-rgb-mutli-colour,Modern Arc LED Lamp (RGB/Mutli-colour),Clevisco's Modern Semi Arc Standing LED Room Lamp (white body)<quillbot-extension-portal></quillbot-extension-portal>,Cleviscoelectronics,Home & Garden > Lighting > Lamps,Electronics,"Home Furniture, Home LED Lamp, Home Lighting, Lamp, Lamp Light, LED Light, RGB Lamp",true,Title,Default Title,,,,,LIGHTARC,0.0,shopify,2,deny,manual,369.00,,true,false,'710594325396,https://cdn.shopify.com/s/files/1/0779/1827/3853/files/7b3e7f_b0caff6adf724272ace95d313e616e68_mv2.jpg?v=1687715660,1,,false,,,,,,,,,,,,,,,kg,,,true,true,,,active
modern-arc-led-lamp-rgb-mutli-colour,,,,,,,,,,,,,,,,,,,,,,,,,https://cdn.shopify.com/s/files/1/0779/1827/3853/files/7b3e7f_6432bb3e0a184d1a89d128d00c69a2ed_mv2.jpg?v=1687715661,2,,,,,,,,,,,,,,,,,,,,,,,,
modern-arc-led-lamp-rgb-mutli-colour,,,,,,,,,,,,,,,,,,,,,,,,,https://cdn.shopify.com/s/files/1/0779/1827/3853/files/7b3e7f_21b875705bce43ee9eb03a75d1389e8c_mv2.jpg?v=1687715662,3,,,,,,,,,,,,,,,,,,,,,,,,
modern-arc-led-lamp-rgb-mutli-colour,,,,,,,,,,,,,,,,,,,,,,,,,https://cdn.shopify.com/s/files/1/0779/1827/3853/files/7b3e7f_8ebb5f4e8fc34eea9d0e0cde6b36a9f0_mv2.jpg?v=1687715662,4,,,,,,,,,,,,,,,,,,,,,,,,
modern-arc-led-lamp-rgb-mutli-colour,,,,,,,,,,,,,,,,,,,,,,,,,https://cdn.shopify.com/s/files/1/0779/1827/3853/files/7b3e7f_a47edac04dc94ab788b4c1795634ae08_mv2.jpg?v=1687715662,5,,,,,,,,,,,,,,,,,,,,,,,,
modern-arc-led-lamp-rgb-mutli-colour,,,,,,,,,,,,,,,,,,,,,,,,,https://cdn.shopify.com/s/files/1/0779/1827/3853/files/7b3e7f_d15d930f038b44168efc094d8ce9422d_mv2.jpg?v=1687715662,6,,,,,,,,,,,,,,,,,,,,,,,,
modern-arc-led-lamp-rgb-mutli-colour,,,,,,,,,,,,,,,,,,,,,,,,,https://cdn.shopify.com/s/files/1/0779/1827/3853/files/7b3e7f_d23000b456254b6e881032c244f31684_mv2.jpg?v=1687715662,7,,,,,,,,,,,,,,,,,,,,,,,,
smartphone-gaming-controller,Smartphone Gaming Controller,Clevisco's Bluetooth Gamepad/Game Controller For IS Android Phone Tablet Hand Grip w. Hand Grip (Black)<quillbot-extension-portal></quillbot-extension-portal>,Clevisco,Electronics > Electronics Accessories > Computer Components > Input Devices > Game Controllers,Electronic Accessory,"Controller, Game Controller, Gamepad, Gaming Controller, Mobile Controller, Mobile Gaming Controller, Smartphone Gaming, Smartphone Gaming Controller",true,Title,Default Title,,,,,CONTR,0.0,shopify,3,deny,manual,99.00,,true,false,'710594325402,https://cdn.shopify.com/s/files/1/0779/1827/3853/files/7b3e7f_b8a7352a1bdc44259436437bd86c3399_mv2.jpg?v=1687716062,1,,false,Clevisco Smartphone Gaming Controller,,,,,,,,,,,,,,kg,,,true,true,,,active
smartphone-gaming-controller,,,,,,,,,,,,,,,,,,,,,,,,,https://cdn.shopify.com/s/files/1/0779/1827/3853/files/7b3e7f_b2d74637e058471fa0c86ad636797bce_mv2.jpg?v=1687716062,2,,,,,,,,,,,,,,,,,,,,,,,,
smartphone-gaming-controller,,,,,,,,,,,,,,,,,,,,,,,,,https://cdn.shopify.com/s/files/1/0779/1827/3853/files/7b3e7f_f78f4cf71a124a33a3ce04832124628e_mv2.jpg?v=1687716062,3,,,,,,,,,,,,,,,,,,,,,,,,
smartphone-gaming-controller,,,,,,,,,,,,,,,,,,,,,,,,,https://cdn.shopify.com/s/files/1/0779/1827/3853/files/7b3e7f_d664bcaf44ed4f4fada0d48b5f57affc_mv2.jpg?v=1687716062,4,,,,,,,,,,,,,,,,,,,,,,,,
smartphone-gaming-controller,,,,,,,,,,,,,,,,,,,,,,,,,https://cdn.shopify.com/s/files/1/0779/1827/3853/files/7b3e7f_529e51ec192842c3b8399d756750bd4e_mv2.jpg?v=1687716062,5,,,,,,,,,,,,,,,,,,,,,,,,
smartphone-gaming-controller,,,,,,,,,,,,,,,,,,,,,,,,,https://cdn.shopify.com/s/files/1/0779/1827/3853/files/7b3e7f_76a2fa595fcf42a29629a2afd5470d03_mv2.jpg?v=1687716063,6,,,,,,,,,,,,,,,,,,,,,,,,
ev-charging-dock,EV Charging Dock,Clevisco's Electric Type 2 Charger for Electric vehicles<quillbot-extension-portal></quillbot-extension-portal>,Clevisco,Vehicles & Parts > Vehicle Parts & Accessories,Tesla Accessories,"EV Charger, EV Charging Adapter, EV Charging Dock, EV Type 2 Charger, Tesla Supercharger, Type 2 Charger",true,Power,7 Kw,,,,,EV7,0.0,shopify,1,deny,manual,2499.00,,true,false,"",https://cdn.shopify.com/s/files/1/0779/1827/3853/files/7b3e7f_4764b70d25724f39a6aa0c9d8e261944_mv2.jpg?v=1687717023,1,,false,"Clevisco EV Charging Dock Adapter 7Kw, 11Kw, 22Kw","Clevisco's Electric Type 2 Charger for Electric vehicles. EV Charging Station Dock for EV (Tesla, Lucid, Volkswagen and more.). Tesla Supercharger",,,,,,,,,,,,,kg,,,true,true,,,active
ev-charging-dock,,,,,,,,,11 Kw,,,,,EV11,0.0,shopify,1,deny,manual,2799.00,,true,false,"",https://cdn.shopify.com/s/files/1/0779/1827/3853/files/7b3e7f_3fe1adadaa0e4c768a4a253341b70117_mv2.jpg?v=1687717023,2,,,,,,,,,,,,,,,,,kg,,,,,,,
ev-charging-dock,,,,,,,,,22 Kw,,,,,EV22,0.0,shopify,1,deny,manual,3099.00,,true,false,"",https://cdn.shopify.com/s/files/1/0779/1827/3853/files/7b3e7f_f8e5e3778ba04d999ad5f2d8b16805fa_mv2.jpg?v=1687717023,3,,,,,,,,,,,,,,,,,kg,,,,,,,
ev-charging-dock,,,,,,,,,,,,,,,,,,,,,,,,,https://cdn.shopify.com/s/files/1/0779/1827/3853/files/7b3e7f_ffd0a03ad2ad45d7bab77e27e3c27ab3_mv2.jpg?v=1687717023,4,,,,,,,,,,,,,,,,,,,,,,,,
ev-charging-dock,,,,,,,,,,,,,,,,,,,,,,,,,https://cdn.shopify.com/s/files/1/0779/1827/3853/files/7b3e7f_c4a8f822a0f349bc84ff34d3da9540d7_mv2.jpg?v=1687717023,5,,,,,,,,,,,,,,,,,,,,,,,,
ev-charging-dock,,,,,,,,,,,,,,,,,,,,,,,,,https://cdn.shopify.com/s/files/1/0779/1827/3853/files/7b3e7f_9ae8c0b9ea164ba6ba4441dc195a09ff_mv2.jpg?v=1687717023,6,,,,,,,,,,,,,,,,,,,,,,,,
ev-charging-dock,,,,,,,,,,,,,,,,,,,,,,,,,https://cdn.shopify.com/s/files/1/0779/1827/3853/files/7b3e7f_53006b86290843d1a5853af9fd519a62_mv2.jpg?v=1687717023,7,,,,,,,,,,,,,,,,,,,,,,,,
65w-fast-gan-charger-gallium-nitride,65W Fast GaN Charger (Gallium Nitride),"Clevisco's 65W GaN(Galium Nitride) Charger 3 Port Dual USB Type C and USB A Power Adapter Laptop Wall Charging Plug GaN Power Delivery supported, Compatible with major laptops, all smartphones, tablets, android, IOS, Mac OS, and windows, etc. quick charge 3.0 technology.<quillbot-extension-portal></quillbot-extension-portal>",Clevisco,Electronics > Electronics Accessories > Power > Power Adapters & Chargers,Electronics,"Charging Plug, Fast Charger, Fast Charger Adapter, High Power Adapter, High Wattage Adapter, Laptop Charger, Laptop Charging Adapter, Laptop Charging Plug, Phone Charger, Phone Charging Adapter, Phone Charging Plug, Smartphone Charger, USB Power Adapter, USB-A Power Adapter, USB-C Power Adapter",true,Color,Black,,,,,"",0.0,shopify,3,deny,manual,99.00,,true,false,"",https://cdn.shopify.com/s/files/1/0779/1827/3853/files/d54aea_292bc817d26741a094a73f3c8482ea46_mv2.jpg?v=1687722384,1,,false,Clevisco 65Watt Fast GaN Charger (Gallium Nitride),,,,,,,,,,,,,https://cdn.shopify.com/s/files/1/0779/1827/3853/files/d54aea_292bc817d26741a094a73f3c8482ea46_mv2.jpg?v=1687722384,kg,,,true,true,,,active
65w-fast-gan-charger-gallium-nitride,,,,,,,,,White,,,,,"",0.0,shopify,3,deny,manual,99.00,,true,false,"",https://cdn.shopify.com/s/files/1/0779/1827/3853/files/d54aea_c2815df9efa04842bcd06fa42d0cdad5_mv2.jpg?v=1687722384,2,,,,,,,,,,,,,,,,https://cdn.shopify.com/s/files/1/0779/1827/3853/files/d54aea_c2815df9efa04842bcd06fa42d0cdad5_mv2.jpg?v=1687722384,kg,,,,,,,
usb-c-to-usb-c-90-degree-ergonomic-cable,USB-C to USB-C 90 Degree Ergonomic Cable,"Clevisco's 90 Degree USB C to USB C Cable, Right Angle, 1 Meter. Fast Charge, Type C, 90 Degree, Data Sync, Compatible with iPhone, iPad, Android, Samsung, Tablets, Highly Compatible with USB C devices.<quillbot-extension-portal></quillbot-extension-portal>",Clevisco,Electronics > Electronics Accessories,Electronic Accessory,"USB C Cable, USB C Charging Cable, USB Charger Cable, USB Charging Cable, USB-C Charger",true,Title,Default Title,,,,,UC,0.0,shopify,10,deny,manual,99.00,,true,false,'710594325655,https://cdn.shopify.com/s/files/1/0779/1827/3853/files/d54aea_b74f5d5fe92e4d9386f2f7ccb2cf3335_mv2.jpg?v=1687722932,1,,false,Clevisco USB-C 90 Degree Ergonomic Charging Cable ,,,,,,,,,,,,,,kg,,,true,true,,,active
usb-c-to-usb-c-90-degree-ergonomic-cable,,,,,,,,,,,,,,,,,,,,,,,,,https://cdn.shopify.com/s/files/1/0779/1827/3853/files/d54aea_797ac8b1ef924a8db33342fe377ed264_mv2.jpg?v=1687722934,2,,,,,,,,,,,,,,,,,,,,,,,,
usb-c-to-usb-c-90-degree-ergonomic-cable,,,,,,,,,,,,,,,,,,,,,,,,,https://cdn.shopify.com/s/files/1/0779/1827/3853/files/d54aea_d1664cc3dc1a48be808fa53d3a3acdd4_mv2.jpg?v=1687722934,3,,,,,,,,,,,,,,,,,,,,,,,,
usb-c-to-usb-c-90-degree-ergonomic-cable,,,,,,,,,,,,,,,,,,,,,,,,,https://cdn.shopify.com/s/files/1/0779/1827/3853/files/d54aea_fdc2542f2b614038aa787765392a960a_mv2.jpg?v=1687722934,4,,,,,,,,,,,,,,,,,,,,,,,,
usb-c-to-usb-c-90-degree-ergonomic-cable,,,,,,,,,,,,,,,,,,,,,,,,,https://cdn.shopify.com/s/files/1/0779/1827/3853/files/d54aea_32923b712d67476685e3f4a1c77b7837_mv2.jpg?v=1687722934,5,,,,,,,,,,,,,,,,,,,,,,,,
tesla-pedal-covers-aluminum-with-silicone-grips,Tesla Pedal Covers Aluminum with Silicone Grips,"Clevisco's Pedal Covers for Tesla Model 3/Y, Car Brake Pedal Cover, Accelerator/Gas Pedal Pad, Non-Slip Foot Pedals<quillbot-extension-portal></quillbot-extension-portal>",Clevisco,Vehicles & Parts > Vehicle Parts & Accessories,Tesla Accessories,"Tesla Pedal Cover, Tesla Pedal Covers, Tesla Pedal Grips",true,Title,Default Title,,,,,TC,0.0,shopify,6,deny,manual,49.00,,true,false,'710594325563,https://cdn.shopify.com/s/files/1/0779/1827/3853/files/d54aea_415824e70d9642f9a44131851007ffb4_mv2.jpg?v=1687723375,1,,false,Clevisco Tesla Pedal Covers Aluminum with Silicone Grips,,,,,,,,,,,,,,kg,,,true,true,,,active
tesla-pedal-covers-aluminum-with-silicone-grips,,,,,,,,,,,,,,,,,,,,,,,,,https://cdn.shopify.com/s/files/1/0779/1827/3853/files/d54aea_996ab0aef7f04a78a48c821638355516_mv2.jpg?v=1687723375,2,,,,,,,,,,,,,,,,,,,,,,,,
tesla-pedal-covers-aluminum-with-silicone-grips,,,,,,,,,,,,,,,,,,,,,,,,,https://cdn.shopify.com/s/files/1/0779/1827/3853/files/d54aea_618d8f5b31634a0495225ad3c1058676_mv2.jpg?v=1687723376,3,,,,,,,,,,,,,,,,,,,,,,,,
tesla-pedal-covers-aluminum-with-silicone-grips,,,,,,,,,,,,,,,,,,,,,,,,,https://cdn.shopify.com/s/files/1/0779/1827/3853/files/d54aea_6bf42df1c2804681a5e7411afa810e30_mv2.jpg?v=1687723376,4,,,,,,,,,,,,,,,,,,,,,,,,
tesla-pedal-covers-aluminum-with-silicone-grips,,,,,,,,,,,,,,,,,,,,,,,,,https://cdn.shopify.com/s/files/1/0779/1827/3853/files/d54aea_974a6e0b5c004786870cb61757146a19_mv2.jpg?v=1687723376,5,,,,,,,,,,,,,,,,,,,,,,,,
tesla-pedal-covers-aluminum-with-silicone-grips,,,,,,,,,,,,,,,,,,,,,,,,,https://cdn.shopify.com/s/files/1/0779/1827/3853/files/d54aea_e6982275306c4664a6a6aefd505ce2d0_mv2.jpg?v=1687723376,6,,,,,,,,,,,,,,,,,,,,,,,,
tesla-cabin-air-filter,Tesla Cabin Air Filter,Clevisco's Dual Hepa+carbon filter for Model 3 &amp; Model Y with air filter replacement kit<quillbot-extension-portal></quillbot-extension-portal>,Clevisco,Vehicles & Parts > Vehicle Parts & Accessories > Motor Vehicle Parts,Tesla Accessories,"Air Filter, Cabin Filter, HEPA Filter, Tesla Air Filter, Tesla Cabin Filter",true,Title,Default Title,,,,,TF,0.0,shopify,5,deny,manual,49.00,,true,false,'710594325570,https://cdn.shopify.com/s/files/1/0779/1827/3853/files/d54aea_50d0981d5c5b46f5be3eb12c0a315981_mv2.jpg?v=1687723817,1,,false,Clevisco Tesla Cabin Air Filter HEPA Filter,,,,,,,,,,,,,,kg,,,true,true,,,active
tesla-cabin-air-filter,,,,,,,,,,,,,,,,,,,,,,,,,https://cdn.shopify.com/s/files/1/0779/1827/3853/files/d54aea_215974513a8d4451852e567d74e50521_mv2.jpg?v=1687723818,2,,,,,,,,,,,,,,,,,,,,,,,,
tesla-cabin-air-filter,,,,,,,,,,,,,,,,,,,,,,,,,https://cdn.shopify.com/s/files/1/0779/1827/3853/files/d54aea_7d2fbe7014c94c85bf15f95a6e171a7b_mv2.jpg?v=1687723818,3,,,,,,,,,,,,,,,,,,,,,,,,
tesla-cabin-air-filter,,,,,,,,,,,,,,,,,,,,,,,,,https://cdn.shopify.com/s/files/1/0779/1827/3853/files/d54aea_ac8750f44bf6436989c535d4ab82156b_mv2.jpg?v=1687723819,4,,,,,,,,,,,,,,,,,,,,,,,,
tesla-cabin-air-filter,,,,,,,,,,,,,,,,,,,,,,,,,https://cdn.shopify.com/s/files/1/0779/1827/3853/files/d54aea_0108a997a7d54652a30141b09a781049_mv2.jpg?v=1687723819,5,,,,,,,,,,,,,,,,,,,,,,,,
tesla-cabin-air-filter,,,,,,,,,,,,,,,,,,,,,,,,,https://cdn.shopify.com/s/files/1/0779/1827/3853/files/d54aea_aa77620e3d164bc4a08263c30e359828_mv2.jpg?v=1687723819,6,,,,,,,,,,,,,,,,,,,,,,,,
tesla-cabin-air-filter,,,,,,,,,,,,,,,,,,,,,,,,,https://cdn.shopify.com/s/files/1/0779/1827/3853/files/d54aea_fb9ffb46913a4ab9aadd85f67b537bbf_mv2.jpg?v=1687723819,7,,,,,,,,,,,,,,,,,,,,,,,,
wireless-gaming-earbuds-with-charging-case,Wireless Gaming Earbuds with Charging Case,"Clevisco's (Yellow) Gaming Earbuds Wireless Bluetooth 5.2 Earbuds Low-Latency Wireless Headset with RGB Breathing Lights, Dual Mode, Immersive Sound, Long Battery Life, Comfortable Fit, High-Quality sound, Waterproof, Noise Cancelling, Unique Design.<quillbot-extension-portal></quillbot-extension-portal>",Clevisco,Electronics > Audio > Audio Components > Headphones & Headsets,Electronics,"Gaming Earbuds, Gaming Earphones, headphones, Wireless Earbuds, Wireless Earphones, Wireless Headphones",true,Title,Default Title,,,,,HG,0.0,shopify,4,deny,manual,0.00,,true,false,'710594325600,https://cdn.shopify.com/s/files/1/0779/1827/3853/files/d54aea_07baae451ba14fb0860f70372322dccd_mv2.jpg?v=1687724198,1,,false,Clevisco Wireless Gaming Earbuds with Charging Case,,,,,,,,,,,,,,kg,,69.00,true,true,,,active
wireless-gaming-earbuds-with-charging-case,,,,,,,,,,,,,,,,,,,,,,,,,https://cdn.shopify.com/s/files/1/0779/1827/3853/files/d54aea_a2f2c8f5303d47878c3cc2e67b1d9d76_mv2.jpg?v=1687724198,2,,,,,,,,,,,,,,,,,,,,,,,,
wireless-gaming-earbuds-with-charging-case,,,,,,,,,,,,,,,,,,,,,,,,,https://cdn.shopify.com/s/files/1/0779/1827/3853/files/d54aea_f2fbc69edcbd4a85b4f5304327651575_mv2.jpg?v=1687724198,3,,,,,,,,,,,,,,,,,,,,,,,,
wireless-gaming-earbuds-with-charging-case,,,,,,,,,,,,,,,,,,,,,,,,,https://cdn.shopify.com/s/files/1/0779/1827/3853/files/d54aea_0a14a0e50466492b89580157b05710ac_mv2.jpg?v=1687724198,4,,,,,,,,,,,,,,,,,,,,,,,,
wireless-gaming-earbuds-with-charging-case,,,,,,,,,,,,,,,,,,,,,,,,,https://cdn.shopify.com/s/files/1/0779/1827/3853/files/d54aea_6b22b89679ff4cd3b0dd993cd8141cfc_mv2.jpg?v=1687724198,5,,,,,,,,,,,,,,,,,,,,,,,,
wireless-gaming-earbuds-with-charging-case,,,,,,,,,,,,,,,,,,,,,,,,,https://cdn.shopify.com/s/files/1/0779/1827/3853/files/d54aea_1687dc1544a44eef993e9bb078ce48c1_mv2.jpg?v=1687724198,6,,,,,,,,,,,,,,,,,,,,,,,,
rgb-metal-gaming-keyboard-with-led-lighting,RGB Metal Gaming Keyboard with LED Lighting,"Clevisco's Metal Keyboard,104 Keys RGB LED Backlit Keyboard, Anti-ghosting Keys, Fastest Clicky Optical Switches, Ergonomic Design, Light Up USB Wired Keyboard for PC, Mac, &amp; consoles<quillbot-extension-portal></quillbot-extension-portal>",Clevisco,Electronics > Electronics Accessories > Computer Components > Input Devices > Keyboards,Electronic Accessory,"Gaming Keyboard, Gaming Keyboards, Keyboard, LED Keyboard, RGB Keyboard",true,Title,Default Title,,,,,MK,0.0,shopify,3,deny,manual,59.00,,true,false,'710594325617,https://cdn.shopify.com/s/files/1/0779/1827/3853/files/d54aea_baa32253f44b43afa2c4f05921c69cf4_mv2.jpg?v=1687725724,1,,false,Clevisco RGB Metal Gaming Keyboard with LED Lighting ,,,,,,,,,,,,,,kg,,,true,true,,,active
rgb-metal-gaming-keyboard-with-led-lighting,,,,,,,,,,,,,,,,,,,,,,,,,https://cdn.shopify.com/s/files/1/0779/1827/3853/files/d54aea_3ebae91d1e664467abfc659b0f9fd44e_mv2.jpg?v=1687725724,2,,,,,,,,,,,,,,,,,,,,,,,,
rgb-metal-gaming-keyboard-with-led-lighting,,,,,,,,,,,,,,,,,,,,,,,,,https://cdn.shopify.com/s/files/1/0779/1827/3853/files/d54aea_c18a4df228154e728d24a00273dbdfd5_mv2.jpg?v=1687725724,3,,,,,,,,,,,,,,,,,,,,,,,,
rgb-metal-gaming-keyboard-with-led-lighting,,,,,,,,,,,,,,,,,,,,,,,,,https://cdn.shopify.com/s/files/1/0779/1827/3853/files/d54aea_64c8b0f3823e434d9ad991b04f342c7a_mv2.jpg?v=1687725725,4,,,,,,,,,,,,,,,,,,,,,,,,
rgb-metal-gaming-keyboard-with-led-lighting,,,,,,,,,,,,,,,,,,,,,,,,,https://cdn.shopify.com/s/files/1/0779/1827/3853/files/d54aea_454d44be8d94444bab13f27d14301948_mv2.jpg?v=1687725725,5,,,,,,,,,,,,,,,,,,,,,,,,
rgb-metal-gaming-keyboard-with-led-lighting,,,,,,,,,,,,,,,,,,,,,,,,,https://cdn.shopify.com/s/files/1/0779/1827/3853/files/d54aea_74f67dfe6270425d85abe53090cbd663_mv2.jpg?v=1687725725,6,,,,,,,,,,,,,,,,,,,,,,,,
feather-gaming-mouse,Feather Gaming Mouse,"Clevisco's Lightweight Wired RGB Gaming Mouse with 7 Programmable Buttons, Up to 5500 DPI, Ergonomic Form Factor<quillbot-extension-portal></quillbot-extension-portal>",Clevisco,Electronics > Electronics Accessories > Computer Components > Input Devices > Mice & Trackballs,Electronic Accessory,"Gaming Mouse, High DPI Mouse, LED Gaming Mouse, LED Mouse, Light Mouse, RGB Mouse",true,Title,Default Title,,,,,MF,0.0,shopify,5,deny,manual,59.00,,true,false,'710594325624,https://cdn.shopify.com/s/files/1/0779/1827/3853/files/d54aea_787344ba185f450ebcaa2d8db0705a46_mv2.jpg?v=1687726087,1,,false,Clevisco Feather Gaming Mouse LED RGB Lightweight,,,,,,,,,,,,,,kg,,,true,true,,,active
feather-gaming-mouse,,,,,,,,,,,,,,,,,,,,,,,,,https://cdn.shopify.com/s/files/1/0779/1827/3853/files/d54aea_81010ee6738e4c4f89de1fa9b4dde9c2_mv2.jpg?v=1687726087,2,,,,,,,,,,,,,,,,,,,,,,,,
feather-gaming-mouse,,,,,,,,,,,,,,,,,,,,,,,,,https://cdn.shopify.com/s/files/1/0779/1827/3853/files/d54aea_99dbadc0d3024afbb92b3aa343a83b17_mv2.jpg?v=1687726087,3,,,,,,,,,,,,,,,,,,,,,,,,
feather-gaming-mouse,,,,,,,,,,,,,,,,,,,,,,,,,https://cdn.shopify.com/s/files/1/0779/1827/3853/files/d54aea_231cae2933374370bc802efc5633d5b2_mv2.jpg?v=1687726087,4,,,,,,,,,,,,,,,,,,,,,,,,
feather-gaming-mouse,,,,,,,,,,,,,,,,,,,,,,,,,https://cdn.shopify.com/s/files/1/0779/1827/3853/files/d54aea_4b5571e53f26462b93acdda5228db54c_mv2.jpg?v=1687726087,5,,,,,,,,,,,,,,,,,,,,,,,,
tesla-model-3-y-sunglass-holder,Tesla Model 3/Y Sunglass Holder,"Clevisco's Tesla Model 3 Model Y Sunglass Storage Box, Sunglasses Holder, Eyeglasses Case Mount On Car Roof, Console Sunglasses Holder<quillbot-extension-portal></quillbot-extension-portal>",Clevisco,Vehicles & Parts > Vehicle Parts & Accessories > Vehicle Storage & Cargo > Vehicle Organizers,Tesla Accessories,"Sunglass Holder, Tesla Sunglass Case, Tesla Sunglass Holder, Tesla Sunglass Holders, Tesla Sunglass Organizer",true,Model,3,,,,,M3SG,0.0,shopify,4,deny,manual,67.00,,true,false,'710594325471,https://cdn.shopify.com/s/files/1/0779/1827/3853/files/d54aea_d83219f48ea64a688234ef2c9522de34_mv2.jpg?v=1687731841,1,,false,Clevisco Tesla Model 3/Y Sunglass Holder,,,,,,,,,,,,,https://cdn.shopify.com/s/files/1/0779/1827/3853/files/d54aea_d83219f48ea64a688234ef2c9522de34_mv2.jpg?v=1687731841,kg,,,true,true,,,active
tesla-model-3-y-sunglass-holder,,,,,,,,,Y,,,,,MYSG,0.0,shopify,4,deny,manual,67.00,,true,false,'710594325631,https://cdn.shopify.com/s/files/1/0779/1827/3853/files/d54aea_9aab8aca1474457dbe425c1bf9eef15e_mv2.jpg?v=1687731842,2,,,,,,,,,,,,,,,,https://cdn.shopify.com/s/files/1/0779/1827/3853/files/d54aea_d83219f48ea64a688234ef2c9522de34_mv2.jpg?v=1687731841,kg,,,,,,,
tesla-model-3-y-sunglass-holder,,,,,,,,,,,,,,,,,,,,,,,,,https://cdn.shopify.com/s/files/1/0779/1827/3853/files/d54aea_23ecd0abaeb54b0b924e131f1f3e3f03_mv2.jpg?v=1687731842,3,,,,,,,,,,,,,,,,,,,,,,,,
tesla-model-3-y-sunglass-holder,,,,,,,,,,,,,,,,,,,,,,,,,https://cdn.shopify.com/s/files/1/0779/1827/3853/files/d54aea_8136de00ec3a4e0aa9ace3475cc05e26_mv2.jpg?v=1687731842,4,,,,,,,,,,,,,,,,,,,,,,,,
tesla-model-3-y-sunglass-holder,,,,,,,,,,,,,,,,,,,,,,,,,https://cdn.shopify.com/s/files/1/0779/1827/3853/files/d54aea_b15a86f7d73a423fa07d99d41e2093ce_mv2.jpg?v=1687731842,5,,,,,,,,,,,,,,,,,,,,,,,,
tesla-model-3-y-sunglass-holder,,,,,,,,,,,,,,,,,,,,,,,,,https://cdn.shopify.com/s/files/1/0779/1827/3853/files/d54aea_346ab78c04554b7486b0380b6de604eb_mv2.jpg?v=1687731842,6,,,,,,,,,,,,,,,,,,,,,,,,
tesla-car-perfume,Tesla Car Perfume,"Clevisco's Tesla Model 3 Model Y Air Fresheners, Car Aromatherapy Modern and Stylish Aromatherapy Accessories for Car Outlet Vent Diffuser with 4 Pcs Scent Stick 2016-2022<quillbot-extension-portal></quillbot-extension-portal>",Clevisco,"Vehicles & Parts > Vehicle Parts & Accessories > Vehicle Maintenance, Care & Decor > Vehicle Decor > Vehicle Air Fresheners",Tesla Accessories,"Tesla Air Freshener, Tesla Car Fragrance, Tesla Car Perfume",true,Title,Default Title,,,,,TCF,0.0,shopify,4,deny,manual,69.00,,true,false,'710594325587,https://cdn.shopify.com/s/files/1/0779/1827/3853/files/d54aea_2e804db2ba0e44598cae770533e5cff7_mv2.jpg?v=1687732260,1,,false,Clevisco Tesla Car Perfume,,,,,,,,,,,,,,kg,,,true,true,,,active
tesla-car-perfume,,,,,,,,,,,,,,,,,,,,,,,,,https://cdn.shopify.com/s/files/1/0779/1827/3853/files/d54aea_765065766718489cab84c1b7102139de_mv2.jpg?v=1687732261,2,,,,,,,,,,,,,,,,,,,,,,,,
tesla-car-perfume,,,,,,,,,,,,,,,,,,,,,,,,,https://cdn.shopify.com/s/files/1/0779/1827/3853/files/d54aea_7b88563fc542463c932e6a092eb048a0_mv2.jpg?v=1687732261,3,,,,,,,,,,,,,,,,,,,,,,,,
tesla-car-perfume,,,,,,,,,,,,,,,,,,,,,,,,,https://cdn.shopify.com/s/files/1/0779/1827/3853/files/d54aea_cacfeee8d4ea43f9885da0a208b7aef0_mv2.jpg?v=1687732261,4,,,,,,,,,,,,,,,,,,,,,,,,
tesla-car-perfume,,,,,,,,,,,,,,,,,,,,,,,,,https://cdn.shopify.com/s/files/1/0779/1827/3853/files/d54aea_0e0feda3c51e49f4ada903781289e26c_mv2.jpg?v=1687732261,5,,,,,,,,,,,,,,,,,,,,,,,,
tesla-storage-box-centre-console-1,Tesla Storage Box Centre Console 1,Clevisco's Tesla Model 3 Model Y Center Console Storage Box Pocket Center Storage Passenger Storage Container Center Storage Tesla Accessory<quillbot-extension-portal></quillbot-extension-portal>,Clevisco,Vehicles & Parts > Vehicle Parts & Accessories > Vehicle Storage & Cargo > Vehicle Organizers,Tesla Accessories,"Tesla Accessories, Tesla Center Console, Tesla Center Console Organizer, Tesla Drawer, Tesla Organizer, Tesla Storage, Tesla Storage Organizer, Tesla Tray",true,Title,Default Title,,,,,M3YCCST,0.0,shopify,4,deny,manual,39.00,,true,false,'710594325488,https://cdn.shopify.com/s/files/1/0779/1827/3853/files/d54aea_6011a6307b454486a65dd5a51d78c44b_mv2.jpg?v=1687732677,1,,false,Clevisco Tesla Storage Box Centre Console 1,,,,,,,,,,,,,,kg,,,true,true,,,active
tesla-storage-box-centre-console-1,,,,,,,,,,,,,,,,,,,,,,,,,https://cdn.shopify.com/s/files/1/0779/1827/3853/files/d54aea_3dd66283d34f4fe5a047e81d2fbdd96b_mv2.jpg?v=1687732678,2,,,,,,,,,,,,,,,,,,,,,,,,
tesla-storage-box-centre-console-1,,,,,,,,,,,,,,,,,,,,,,,,,https://cdn.shopify.com/s/files/1/0779/1827/3853/files/d54aea_281345c377ec4d588505a232fb9ce611_mv2.jpg?v=1687732678,3,,,,,,,,,,,,,,,,,,,,,,,,
tesla-storage-box-centre-console-1,,,,,,,,,,,,,,,,,,,,,,,,,https://cdn.shopify.com/s/files/1/0779/1827/3853/files/d54aea_477f608073d546c8870f14377be8f185_mv2.jpg?v=1687732678,4,,,,,,,,,,,,,,,,,,,,,,,,
tesla-storage-box-centre-console-1,,,,,,,,,,,,,,,,,,,,,,,,,https://cdn.shopify.com/s/files/1/0779/1827/3853/files/d54aea_963fed9670394083b087ae2b831e3105_mv2.jpg?v=1687732678,5,,,,,,,,,,,,,,,,,,,,,,,,
tesla-door-handle-storage-box-container,Tesla Door Handle Storage Box Container,Clevisco's Tesla Model 3 Model Y Door Side Storage Box Handle Pocket Armrest storage Passenger Storage Container<quillbot-extension-portal></quillbot-extension-portal>,Clevisco,Vehicles & Parts > Vehicle Parts & Accessories > Vehicle Storage & Cargo > Vehicle Organizers,Tesla Accessories,"Tesla Accessories, Tesla Center Console Organizer, Tesla Door Storage, Tesla Door Storage Organizer, Tesla Organizer, Tesla Storage, Tesla Storage Organizer, Tesla Tray",true,Model,3,,,,,M3YDST,0.0,shopify,3,deny,manual,49.00,,true,false,'710594325501,https://cdn.shopify.com/s/files/1/0779/1827/3853/files/d54aea_697fb35bd3ec4ac78816968caa7d22d3_mv2.jpg?v=1687733121,1,,false,Clevisco Tesla Door Handle Storage Box Container,,,,,,,,,,,,,,kg,,,true,true,,,active
tesla-door-handle-storage-box-container,,,,,,,,,Y,,,,,M3YDST-2,0.0,shopify,0,deny,manual,49.00,,true,false,"",https://cdn.shopify.com/s/files/1/0779/1827/3853/files/d54aea_2dcf627ce7004948b2fcd555106be134_mv2.jpg?v=1687733121,2,,,,,,,,,,,,,,,,,kg,,,,,,,
tesla-door-handle-storage-box-container,,,,,,,,,,,,,,,,,,,,,,,,,https://cdn.shopify.com/s/files/1/0779/1827/3853/files/d54aea_767412e23437442790f963c41962d4eb_mv2.jpg?v=1687733121,3,,,,,,,,,,,,,,,,,,,,,,,,
tesla-door-handle-storage-box-container,,,,,,,,,,,,,,,,,,,,,,,,,https://cdn.shopify.com/s/files/1/0779/1827/3853/files/d54aea_297ef2a7c32946329115e4ae9ffd4e82_mv2.jpg?v=1687733121,4,,,,,,,,,,,,,,,,,,,,,,,,
tesla-door-handle-storage-box-container,,,,,,,,,,,,,,,,,,,,,,,,,https://cdn.shopify.com/s/files/1/0779/1827/3853/files/d54aea_ac30e2095deb449193dd3d76ae3b3927_mv2.jpg?v=1687733121,5,,,,,,,,,,,,,,,,,,,,,,,,
tesla-door-handle-storage-box-container,,,,,,,,,,,,,,,,,,,,,,,,,https://cdn.shopify.com/s/files/1/0779/1827/3853/files/d54aea_b8013a0b7db24f59ae13e4e4a625b40c_mv2.jpg?v=1687733121,6,,,,,,,,,,,,,,,,,,,,,,,,
tesla-screen-frame-protector,Tesla Screen Frame Protector,"Clevisco's Tesla Model 3 / Y Dashboard Touchscreen, Silicone Frame Protector Cover for the Tesla Screen<quillbot-extension-portal></quillbot-extension-portal>",Clevisco,"Vehicles & Parts > Vehicle Parts & Accessories > Vehicle Maintenance, Care & Decor > Vehicle Decor > Vehicle Dashboard Accessories",Tesla Accessories,"Tesla Accessories, Tesla Center Console, Tesla Frame Protector, Tesla Screen Frame Protector, Tesla Screen Frame Rubber, Tesla Screen Frame Silicon, Tesla Screen Glass Protector, Tesla Screen Protector",true,Color,Black,,,,,SSB,0.0,shopify,3,deny,manual,19.00,,true,false,'710594325426,https://cdn.shopify.com/s/files/1/0779/1827/3853/files/d54aea_69b9acd499bd49f08dba1aa219aac46a_mv2.jpg?v=1687733462,1,,false,Clevisco Tesla Screen Frame Protector,,,,,,,,,,,,,,kg,,,true,true,,,active
tesla-screen-frame-protector,,,,,,,,,White,,,,,SSW,0.0,shopify,3,deny,manual,19.00,,true,false,'710594325433,https://cdn.shopify.com/s/files/1/0779/1827/3853/files/d54aea_27a522da14274e63af05af05b5e42eb4_mv2.jpg?v=1687733462,2,,,,,,,,,,,,,,,,,kg,,,,,,,
tesla-screen-frame-protector,,,,,,,,,,,,,,,,,,,,,,,,,https://cdn.shopify.com/s/files/1/0779/1827/3853/files/d54aea_498e4e833a384cd1b4924f18a96e55b9_mv2.jpg?v=1687733462,3,,,,,,,,,,,,,,,,,,,,,,,,
tesla-screen-frame-protector,,,,,,,,,,,,,,,,,,,,,,,,,https://cdn.shopify.com/s/files/1/0779/1827/3853/files/d54aea_2b3c085ffb15401e91b332e528f27fe9_mv2.jpg?v=1687733462,4,,,,,,,,,,,,,,,,,,,,,,,,
tesla-screen-frame-protector,,,,,,,,,,,,,,,,,,,,,,,,,https://cdn.shopify.com/s/files/1/0779/1827/3853/files/d54aea_88dc2fb97f2d4e7abf4d71519a51e976_mv2.jpg?v=1687733462,5,,,,,,,,,,,,,,,,,,,,,,,,
tesla-screen-frame-protector,,,,,,,,,,,,,,,,,,,,,,,,,https://cdn.shopify.com/s/files/1/0779/1827/3853/files/d54aea_2e341925fc6f4b5493797adb1ae7754d_mv2.jpg?v=1687733462,6,,,,,,,,,,,,,,,,,,,,,,,,
tesla-air-inlet-filter,Tesla Air Inlet Filter,"Clevisco's Cabin Air Filter and Filter Cover for Tesla Model 3/Y, HEPA Air Intake Filter Replacement <quillbot-extension-portal></quillbot-extension-portal>",Clevisco,Vehicles & Parts > Vehicle Parts & Accessories > Motor Vehicle Parts,Tesla Accessories,"Tesla Accessories, Tesla Air Filter, Tesla Air Freshener, Tesla Cabin Filter",true,Title,Default Title,,,,,TFC,0.0,shopify,3,deny,manual,39.00,,true,false,'710594325518,https://cdn.shopify.com/s/files/1/0779/1827/3853/files/d54aea_333ef0cd0b1043bfa37b8c435b076255_mv2.jpg?v=1687733687,1,,false,Clevisco Tesla Air Inlet Filter,,,,,,,,,,,,,,kg,,,true,true,,,active
tesla-air-inlet-filter,,,,,,,,,,,,,,,,,,,,,,,,,https://cdn.shopify.com/s/files/1/0779/1827/3853/files/d54aea_b9e82d678e9140919c86eb5ce3e084d7_mv2.jpg?v=1687733687,2,,,,,,,,,,,,,,,,,,,,,,,,
tesla-air-inlet-filter,,,,,,,,,,,,,,,,,,,,,,,,,https://cdn.shopify.com/s/files/1/0779/1827/3853/files/d54aea_43d95bc9fa494789936b90c21583c972_mv2.jpg?v=1687733687,3,,,,,,,,,,,,,,,,,,,,,,,,
tesla-air-inlet-filter,,,,,,,,,,,,,,,,,,,,,,,,,https://cdn.shopify.com/s/files/1/0779/1827/3853/files/d54aea_0d3636da082f470a887abb59c1225b5f_mv2.jpg?v=1687733687,4,,,,,,,,,,,,,,,,,,,,,,,,
tesla-air-inlet-filter,,,,,,,,,,,,,,,,,,,,,,,,,https://cdn.shopify.com/s/files/1/0779/1827/3853/files/d54aea_f14585c5a6be4c72846f3f1b2a998557_mv2.jpg?v=1687733688,5,,,,,,,,,,,,,,,,,,,,,,,,
tesla-aero-wheel-hub-caps,Tesla Aero Wheel Hub Caps,"Clevisco's Hubcaps for Tesla Model 3/Y Wheel Cover, Rim Protector Replacement Hub Caps Kit Fully Wrapped for Tesla Model 3/Y Tesla Accessory to protect the tesla wheels and reduce drag, increasing acceleration, top speed, and battery efficiency.<quillbot-extension-portal></quillbot-extension-portal>",Clevisco,Vehicles & Parts > Vehicle Parts & Accessories > Motor Vehicle Parts > Motor Vehicle Wheel Systems > Motor Vehicle Rims & Wheels > Automotive Rims & Wheels,Tesla Accessories,"Aero Wheel Covers for Tesla, Tesla Aero Wheel Accessories, Tesla Aero Wheel Cap Set, Tesla Aero Wheel Caps for Sale, Tesla Aero Wheel Center Caps, Tesla Aero Wheel Covers Online, Tesla Aero Wheel Hub Caps, Tesla Aftermarket Wheel Hub Caps, Tesla Hub Caps, Tesla Model 3 Aero Wheel Caps, Tesla Model Y Aero Wheel Hub Caps, Tesla Rims, Tesla Wheels",true,Model,3,,,,,M3HC,0.0,shopify,2,deny,manual,349.00,,true,false,'710594325532,https://cdn.shopify.com/s/files/1/0779/1827/3853/files/d54aea_274c5739b4954d1fbffb3577e906fdb7_mv2.jpg?v=1687765257,1,,false,Clevisco Tesla Aero Wheel Hub Caps,,,,,,,,,,,,,,kg,,,true,true,,,active
tesla-aero-wheel-hub-caps,,,,,,,,,Y,,,,,MYHC,0.0,shopify,2,deny,manual,369.00,,true,false,'710594325525,https://cdn.shopify.com/s/files/1/0779/1827/3853/files/d54aea_7e193e9ebfc54d0e9c0fe51cdec0b66a_mv2.jpg?v=1687765257,2,,,,,,,,,,,,,,,,,kg,,,,,,,
tesla-aero-wheel-hub-caps,,,,,,,,,,,,,,,,,,,,,,,,,https://cdn.shopify.com/s/files/1/0779/1827/3853/files/d54aea_cd15d3bf9b9e4d00a77a3ec755906d14_mv2.jpg?v=1687765257,3,,,,,,,,,,,,,,,,,,,,,,,,
tesla-aero-wheel-hub-caps,,,,,,,,,,,,,,,,,,,,,,,,,https://cdn.shopify.com/s/files/1/0779/1827/3853/files/d54aea_adfdded709974e969821d7ff73498880_mv2.jpg?v=1687765257,4,,,,,,,,,,,,,,,,,,,,,,,,
tesla-aero-wheel-hub-caps,,,,,,,,,,,,,,,,,,,,,,,,,https://cdn.shopify.com/s/files/1/0779/1827/3853/files/d54aea_0bd72db0ec3e481e8ac73c9a770fcaac_mv2.jpg?v=1687765257,5,,,,,,,,,,,,,,,,,,,,,,,,
tesla-aero-wheel-hub-caps,,,,,,,,,,,,,,,,,,,,,,,,,https://cdn.shopify.com/s/files/1/0779/1827/3853/files/d54aea_3bda5f5fb99a4edd9894dd6d10608228_mv2.jpg?v=1687765257,6,,,,,,,,,,,,,,,,,,,,,,,,
tesla-aero-wheel-hub-caps,,,,,,,,,,,,,,,,,,,,,,,,,https://cdn.shopify.com/s/files/1/0779/1827/3853/files/d54aea_65cda21b25a848caaddd3b259d78d5c9_mv2.jpg?v=1687765257,7,,,,,,,,,,,,,,,,,,,,,,,,
tesla-model-s-3-x-y-lifter-jack-pucks-car-body-frame-chassis-battery-protector,Tesla Model S/3/X/Y Lifter Jack Pucks - Car Body Frame/Chassis/Battery Protector,"Clevisco's Jack Lift Pucks for Tesla Model 3/Y/S/X, Jack Lift Pad Adapter, Tesla Accessory To Protect Battery &amp; Chassis<quillbot-extension-portal></quillbot-extension-portal>",Clevisco,Vehicles & Parts > Vehicle Parts & Accessories,Tesla Accessories,"Clevisco Jack Lift Pucks, Jack Lift Pad Adapter for Tesla, Jack Lift Pucks for Tesla, Tesla Accessory to Protect Battery & Chassis, Tesla Jack Lift, Tesla Jack Lift Pad Adapter, Tesla Lift, Tesla Lift Points Adapter, Tesla Lifter Jacks, Tesla Model 3 Jack Lift Pucks, Tesla Model S Jack Lift Pucks, Tesla Model X Jack Lift Pucks, Tesla Model Y Jack Lift Pucks",true,Title,Default Title,,,,,M3MYLJ,0.0,shopify,4,deny,manual,67.00,,true,false,'710594325549,https://cdn.shopify.com/s/files/1/0779/1827/3853/files/d54aea_2f7f91fdf2fc42dbb37ffa147d182e2c_mv2.jpg?v=1687765890,1,,false,Clevisco Tesla Lifter Jack Pucks - Car Body Chassis/Battery Protector,,,,,,,,,,,,,,kg,,,true,true,,,active
tesla-model-s-3-x-y-lifter-jack-pucks-car-body-frame-chassis-battery-protector,,,,,,,,,,,,,,,,,,,,,,,,,https://cdn.shopify.com/s/files/1/0779/1827/3853/files/d54aea_a953a93609224e04bda50551741703d2_mv2.jpg?v=1687765891,2,,,,,,,,,,,,,,,,,,,,,,,,
tesla-model-s-3-x-y-lifter-jack-pucks-car-body-frame-chassis-battery-protector,,,,,,,,,,,,,,,,,,,,,,,,,https://cdn.shopify.com/s/files/1/0779/1827/3853/files/d54aea_9d81836098074b5c8aedd1643d4dc06a_mv2.jpg?v=1687765915,3,,,,,,,,,,,,,,,,,,,,,,,,
tesla-model-s-3-x-y-lifter-jack-pucks-car-body-frame-chassis-battery-protector,,,,,,,,,,,,,,,,,,,,,,,,,https://cdn.shopify.com/s/files/1/0779/1827/3853/files/d54aea_33e8b19720674b5098aaaa75df9974ad_mv2.jpg?v=1687765915,4,,,,,,,,,,,,,,,,,,,,,,,,
tesla-model-s-3-x-y-lifter-jack-pucks-car-body-frame-chassis-battery-protector,,,,,,,,,,,,,,,,,,,,,,,,,https://cdn.shopify.com/s/files/1/0779/1827/3853/files/d54aea_aa7d38e0c3ab491ebc8dcb4cc8361efc_mv2.jpg?v=1687765915,5,,,,,,,,,,,,,,,,,,,,,,,,
tesla-model-s-3-x-y-lifter-jack-pucks-car-body-frame-chassis-battery-protector,,,,,,,,,,,,,,,,,,,,,,,,,https://cdn.shopify.com/s/files/1/0779/1827/3853/files/d54aea_576426b844ee4d5b85e02255855a8763_mv2.jpg?v=1687765915,6,,,,,,,,,,,,,,,,,,,,,,,,
tesla-wind-air-noise-reduction-seal,Tesla Wind Air Noise Reduction Seal,"Clevisco's Wind Noise and sound reduction seal kit for Tesla Model 3, soundproof your Tesla, Waterproof, and Dustproof material.<quillbot-extension-portal></quillbot-extension-portal>",Clevisco,Vehicles & Parts > Vehicle Parts & Accessories,Tesla Accessories,"Clevisco Soundproofing Solutions for Tesla, Clevisco Soundproofing Solutions for Tesla Model Y, Clevisco Wind Noise and Sound Reduction Seal Kit, Reduce Wind Noise in Tesla Model 3, Reduce Wind Noise in Tesla Model Y, Soundproof Your Tesla Model 3, Soundproof Your Tesla Model Y, Soundproofing Kit for Tesla Model 3, Soundproofing Kit for Tesla Model Y, Tesla Model 3 Noise Reduction Accessories, Tesla Model 3 Weatherproof Seal Kit, Tesla Model 3 Wind Noise Reduction Kit, Tesla Model Y Noise Reduction Accessories, Tesla Model Y Weatherproof Seal Kit, Tesla Model Y Wind Noise Reduction Kit, Tesla Wind Noise Seal Kit, Tesla Wind Noise Seal Kit for Model Y, Waterproof and Dustproof Seal Kit for Tesla, Waterproof and Dustproof Seal Kit for Tesla Model Y",true,Model,3,,,,,M3TN,0.0,shopify,3,deny,manual,29.00,,true,false,'710594325457,https://cdn.shopify.com/s/files/1/0779/1827/3853/files/d54aea_ee0182fe05c14b6895bfcdae37b94aad_mv2.jpg?v=1687766426,1,,false,Clevisco Tesla Wind Air Noise Reduction Seal,,,,,,,,,,,,,,kg,,,true,true,,,active
tesla-wind-air-noise-reduction-seal,,,,,,,,,Y,,,,,MYTN,0.0,shopify,3,deny,manual,31.00,,true,false,'710594325464,https://cdn.shopify.com/s/files/1/0779/1827/3853/files/d54aea_a67d5914fa6e4830acb07161edf9f447_mv2.jpg?v=1687766451,2,,,,,,,,,,,,,,,,,kg,,,,,,,
tesla-wind-air-noise-reduction-seal,,,,,,,,,,,,,,,,,,,,,,,,,https://cdn.shopify.com/s/files/1/0779/1827/3853/files/d54aea_25967db99b3845fbbccf797e271c0a28_mv2.jpg?v=1687766458,3,,,,,,,,,,,,,,,,,,,,,,,,
tesla-wind-air-noise-reduction-seal,,,,,,,,,,,,,,,,,,,,,,,,,https://cdn.shopify.com/s/files/1/0779/1827/3853/files/d54aea_a4580722585f4306b90fb8e6890d94a2_mv2.jpg?v=1687766464,4,,,,,,,,,,,,,,,,,,,,,,,,
tesla-steering-table,Tesla Steering Table,"Clevisco's Model 3/Y Highly Functional Steering Wheel Table, Suitable for dining in the car, Productivity, Table to keep laptops, tablets, iPads, or phones.<quillbot-extension-portal></quillbot-extension-portal>",Clevisco,Vehicles & Parts > Vehicle Parts & Accessories > Vehicle Storage & Cargo > Vehicle Organizers,Tesla Accessories,"Car Interior Table for Model 3/Y, Car Steering Wheel Table, Dining Table for Tesla Model 3/Y, Highly Functional Steering Wheel Table, Laptop Table for Tesla Model 3/Y, Model 3/Y Steering Wheel Table, Phone Holder for Tesla Steering Wheel, Productivity Table for Tesla, Tablet and iPad Holder for Tesla, Tesla Steering Wheel Desk",true,Title,Default Title,,,,,M3MYST,0.0,shopify,4,deny,manual,67.00,,true,false,'710594325556,https://cdn.shopify.com/s/files/1/0779/1827/3853/files/d54aea_86399b5c91a248c09071af51b7a5a567_mv2.jpg?v=1687766741,1,,false,Clevisco Tesla Steering Table,,,,,,,,,,,,,,kg,,,true,true,,,active
tesla-steering-table,,,,,,,,,,,,,,,,,,,,,,,,,https://cdn.shopify.com/s/files/1/0779/1827/3853/files/d54aea_8121fb1dccc6457c8b3f016bffbeebce_mv2.jpg?v=1687766741,2,,,,,,,,,,,,,,,,,,,,,,,,
tesla-steering-table,,,,,,,,,,,,,,,,,,,,,,,,,https://cdn.shopify.com/s/files/1/0779/1827/3853/files/d54aea_6c864f85e14348ababcc97ba1ec2520d_mv2.jpg?v=1687766741,3,,,,,,,,,,,,,,,,,,,,,,,,
tesla-steering-table,,,,,,,,,,,,,,,,,,,,,,,,,https://cdn.shopify.com/s/files/1/0779/1827/3853/files/d54aea_c2b4bb681b0b425abb2924d225b2adc1_mv2.jpg?v=1687766744,4,,,,,,,,,,,,,,,,,,,,,,,,
tesla-steering-table,,,,,,,,,,,,,,,,,,,,,,,,,https://cdn.shopify.com/s/files/1/0779/1827/3853/files/d54aea_efec8a45d1df40c1aa4018640ecc87aa_mv2.jpg?v=1687766744,5,,,,,,,,,,,,,,,,,,,,,,,,
tesla-tray-above-centre-console,Tesla Tray (Above Centre Console),Clevisco's Multifunctional Center Console Tray/Table for Tesla Model 3/Y <quillbot-extension-portal></quillbot-extension-portal>,Clevisco,Vehicles & Parts > Vehicle Parts & Accessories > Vehicle Storage & Cargo > Vehicle Organizers,Tesla Accessories,"Car Interior Tray/Table for Tesla, Center Console Workspace for Tesla, Console Organizer for Tesla Model 3/Y, Console Tray/Table for Tesla Model 3/Y, Multifunctional Console Table for Tesla, Tesla Console Table with Storage, Tesla Model 3/Y Accessories Tray/Table, Tesla Model 3/Y Center Console Tray, Tesla Model 3/Y Interior Organizer Table, Tesla Model 3/Y Storage Tray/Table",true,Title,Default Title,,,,,TT,0.0,shopify,4,deny,manual,79.00,,true,false,'710594325440,https://cdn.shopify.com/s/files/1/0779/1827/3853/files/d54aea_bed4550a43c448ac97cbdb6c8114561a_mv2.jpg?v=1687766998,1,,false,Clevisco Tesla Tray (Above Centre Console),,,,,,,,,,,,,,kg,,,true,true,,,active
tesla-tray-above-centre-console,,,,,,,,,,,,,,,,,,,,,,,,,https://cdn.shopify.com/s/files/1/0779/1827/3853/files/d54aea_ae00c3abc0614dea912b8817b129904d_mv2.jpg?v=1687766998,2,,,,,,,,,,,,,,,,,,,,,,,,
tesla-tray-above-centre-console,,,,,,,,,,,,,,,,,,,,,,,,,https://cdn.shopify.com/s/files/1/0779/1827/3853/files/d54aea_4e36fdd6909a470f96c7ce202e542a7c_mv2.jpg?v=1687766999,3,,,,,,,,,,,,,,,,,,,,,,,,
tesla-tray-above-centre-console,,,,,,,,,,,,,,,,,,,,,,,,,https://cdn.shopify.com/s/files/1/0779/1827/3853/files/d54aea_3953c5c44b8a412289b82ec33a70e6a9_mv2.jpg?v=1687767000,4,,,,,,,,,,,,,,,,,,,,,,,,
tesla-tray-above-centre-console,,,,,,,,,,,,,,,,,,,,,,,,,https://cdn.shopify.com/s/files/1/0779/1827/3853/files/d54aea_ea4dca02e9c24f03959faa3e5e06f675_mv2.jpg?v=1687767000,5,,,,,,,,,,,,,,,,,,,,,,,,
tesla-tray-above-centre-console,,,,,,,,,,,,,,,,,,,,,,,,,https://cdn.shopify.com/s/files/1/0779/1827/3853/files/d54aea_f3ed1b0f1869428e8b8a063ca77f2fda_mv2.jpg?v=1687767000,6,,,,,,,,,,,,,,,,,,,,,,,,
tesla-tray-above-centre-console,,,,,,,,,,,,,,,,,,,,,,,,,https://cdn.shopify.com/s/files/1/0779/1827/3853/files/d54aea_45ec8ab88c344315b946375a3ea29e17_mv2.jpg?v=1687767000,7,,,,,,,,,,,,,,,,,,,,,,,,
